"Group_ID","URL_Key","Image_Filename"
0,"mazda-warszawa-odyssey","mazda-warszawa-odyssey.png"
0,"mazda-sosnowiec-mirai","mazda-sosnowiec-mirai.png"
0,"mazda-bielskobiala-autogazda","mazda-bielskobiala-autogazda.png"
0,"mazda-warszawa-bemomotors","mazda-warszawa-bemomotors.png"
0,"mazda-wroclaw-jaremko","mazda-wroclaw-jaremko.png"
0,"mazda-warszawa-nivette","mazda-warszawa-nivette.png"
0,"mazda-wroclaw-wrobel","mazda-wroclaw-wrobel.png"
0,"mazda-lodz-matsuoka","mazda-lodz-matsuoka.png"
0,"mazda-poznan-voyager","mazda-poznan-voyager.png"
0,"mazda-bytom-mirai","mazda-bytom-mirai.png"
0,"mazda-rzeszow-czach","mazda-rzeszow-czach.png"
1,"kia-mouscron","kia-mouscron.png"
1,"kia-fischer-cottbus","kia-fischer-cottbus.png"
1,"kia-bender-coburg","kia-bender-coburg.png"
1,"kia-moeller-wunstorf","kia-moeller-wunstorf.png"
1,"kia-lange-gosen","kia-lange-gosen.png"
1,"kia-guadeloupe","kia-guadeloupe.png"
1,"kia-hotz-gardelegen","kia-hotz-gardelegen.png"
1,"kia-brueggemann-brandenburg","kia-brueggemann-brandenburg.png"
1,"kia-kurt-recklinghausen","kia-kurt-recklinghausen.png"
1,"kia-duerkop-hannover","kia-duerkop-hannover.png"
1,"kia-gj-remagen-rolandseck","kia-gj-remagen-rolandseck.png"
1,"kia-jaeger-bevern","kia-jaeger-bevern.png"
1,"kia-wandscher-oldenburg","kia-wandscher-oldenburg.png"
1,"kia-koenig-teltow","kia-koenig-teltow.png"
1,"kia-schunke-aurich","kia-schunke-aurich.png"
1,"kia-engbert-datteln","kia-engbert-datteln.png"
1,"kia-ebner-baienfurt","kia-ebner-baienfurt.png"
1,"kia-vogt-finningen","kia-vogt-finningen.png"
1,"kia-auto-center-weiterstadt","kia-auto-center-weiterstadt.png"
1,"kiaonline","kiaonline.png"
1,"kia-diamant-wiesbaden","kia-diamant-wiesbaden.png"
1,"kia-ds-lampertheim","kia-ds-lampertheim.png"
1,"kia-settele-neu-ulm","kia-settele-neu-ulm.png"
1,"kia-levy-wittenberg","kia-levy-wittenberg.png"
1,"kia-guenther-dingelstaedt","kia-guenther-dingelstaedt.png"
1,"kia-dresen-neuss","kia-dresen-neuss.png"
1,"kia-moeller-eisenach","kia-moeller-eisenach.png"
1,"kia-car-center-wismar","kia-car-center-wismar.png"
1,"kia-mueller-genthin","kia-mueller-genthin.png"
1,"kia-fugel-dresden","kia-fugel-dresden.png"
1,"kia-trinkle-schorndorf","kia-trinkle-schorndorf.png"
1,"kia-schmid-hoehenkirchen","kia-schmid-hoehenkirchen.png"
1,"kia-ahs-roehrnbach","kia-ahs-roehrnbach.png"
1,"kia-h-p-schiffweiler","kia-h-p-schiffweiler.png"
1,"kia-poeschl-bensheim","kia-poeschl-bensheim.png"
1,"kia-sauter-albstadt","kia-sauter-albstadt.png"
1,"kia-hoff-trier","kia-hoff-trier.png"
1,"kia-gorny-eislingen","kia-gorny-eislingen.png"
1,"kia-bachmann-wehretal","kia-bachmann-wehretal.png"
1,"kia-penning-zetelneuenburg","kia-penning-zetelneuenburg.png"
1,"kia-kroppen-herten","kia-kroppen-herten.png"
1,"kia-ci","kia-ci.png"
1,"kia","kia.png"
1,"kia-daehn-goeritz","kia-daehn-goeritz.png"
1,"kia-bandung","kia-bandung.png"
1,"kia-strehle-dresden","kia-strehle-dresden.png"
1,"kia-brass-frankfurt","kia-brass-frankfurt.png"
1,"kia-burian-celle","kia-burian-celle.png"
1,"kia-brueggemann-neubrandenburg","kia-brueggemann-neubrandenburg.png"
1,"kia-suedmobile-radolfzell","kia-suedmobile-radolfzell.png"
1,"kia-christ-ansbach","kia-christ-ansbach.png"
1,"kia-telke-badschlema","kia-telke-badschlema.png"
1,"kia-maier-cham","kia-maier-cham.png"
2,"panpuri","panpuri.png"
2,"andersonnegele","andersonnegele.png"
2,"tanameracoffee","tanameracoffee.png"
2,"bluecardagency","bluecardagency.png"
2,"bosch-pt","bosch-pt.png"
2,"sackit","sackit.png"
2,"kilewswest","kilewswest.png"
2,"pearsonclinical","pearsonclinical.png"
2,"aonhewitt","aonhewitt.png"
2,"whirlpoolservice","whirlpoolservice.png"
2,"linexofjoliet","linexofjoliet.png"
2,"kalorimeta-singen","kalorimeta-singen.png"
2,"hondaheritagecenter","hondaheritagecenter.png"
2,"wedos","wedos.png"
2,"nhszketpo","nhszketpo.png"
2,"lindt","lindt.png"
2,"nutriciababy","nutriciababy.png"
2,"asendia","asendia.png"
2,"medef-aude","medef-aude.png"
2,"ambiderm","ambiderm.png"
2,"culliganuppercumberland","culliganuppercumberland.png"
2,"invisalign","invisalign.png"
2,"duracell-me","duracell-me.png"
2,"carlsjrmerida","carlsjrmerida.png"
2,"aad-insurance","aad-insurance.png"
2,"designmehair","designmehair.png"
2,"prodriverentacar","prodriverentacar.png"
2,"cdvi","cdvi.png"
2,"thelocal","thelocal.png"
2,"scoutaerialafrica","scoutaerialafrica.png"
2,"wingarc","wingarc.png"
2,"culliganwheaton","culliganwheaton.png"
2,"flashbay","flashbay.png"
2,"saint-gobain","saint-gobain.png"
2,"hannainst","hannainst.png"
2,"cdviberica","cdviberica.png"
2,"fronticsamerica","fronticsamerica.png"
2,"toyotasouthern","toyotasouthern.png"
2,"toyotasanpablo","toyotasanpablo.png"
2,"rotary7610","rotary7610.png"
2,"isuzuniaga","isuzuniaga.png"
2,"secureparking","secureparking.png"
2,"adeccome","adeccome.png"
2,"gjw-nd","gjw-nd.png"
2,"bosch-homecomfort","bosch-homecomfort.png"
2,"gjw-nrw","gjw-nrw.png"
2,"inductothermgroup","inductothermgroup.png"
2,"cdlcuritiba","cdlcuritiba.png"
2,"customneon","customneon.png"
2,"zkteco","zkteco.png"
2,"daikin-manufacturing","daikin-manufacturing.png"
2,"diabetes","diabetes.png"
2,"truemoney","truemoney.png"
2,"honda-cannes","honda-cannes.png"
2,"entergytexas","entergytexas.png"
2,"honda-nig","honda-nig.png"
2,"sitech-ws","sitech-ws.png"
2,"bosch-industrial","bosch-industrial.png"
2,"servier","servier.png"
2,"cazenovecapital","cazenovecapital.png"
2,"honda-angouleme","honda-angouleme.png"
2,"krugerkaldnes","krugerkaldnes.png"
2,"holidayland-friedrichshafen","holidayland-friedrichshafen.png"
2,"rotary6450","rotary6450.png"
2,"grupointexa","grupointexa.png"
2,"camesoluciones","camesoluciones.png"
2,"bosch-climate","bosch-climate.png"
2,"eis","eis.png"
2,"furuno","furuno.png"
2,"worldvisionamericalatina","worldvisionamericalatina.png"
2,"kuraray","kuraray.png"
2,"petercem-sensors","petercem-sensors.png"
2,"keasyfit","keasyfit.png"
2,"allianz","allianz.png"
2,"synevo","synevo.png"
2,"aleris-pp","aleris-pp.png"
2,"netterden","netterden.png"
2,"hondasemarangcenter","hondasemarangcenter.png"
2,"cfmoto","cfmoto.png"
2,"weidner","weidner.png"
2,"siebtechnik-tema","siebtechnik-tema.png"
2,"rjelinek","rjelinek.png"
2,"europa-union-hessen","europa-union-hessen.png"
2,"hahn-kolb","hahn-kolb.png"
2,"skssweden","skssweden.png"
2,"telehouse","telehouse.png"
2,"medef-mayenne","medef-mayenne.png"
2,"soneparfrance","soneparfrance.png"
2,"rubiomonocoat","rubiomonocoat.png"
2,"rheine","rheine.png"
2,"culliganwatercolorado","culliganwatercolorado.png"
2,"tr","tr.png"
2,"gallant-ocean","gallant-ocean.png"
2,"azets","azets.png"
2,"boxful","boxful.png"
2,"inchcape","inchcape.png"
2,"scholpp","scholpp.png"
2,"bmw-motorrad-euromotos-lyon","bmw-motorrad-euromotos-lyon.png"
2,"culligandenkerwaterconditioning","culligandenkerwaterconditioning.png"
2,"whirlpool","whirlpool.png"
2,"bonprix","bonprix.png"
2,"shopee","shopee.png"
2,"anadolumedicalcenter","anadolumedicalcenter.png"
2,"despec","despec.png"
2,"manpowergroup","manpowergroup.png"
2,"eca-serel","eca-serel.png"
2,"papajohnsquebec","papajohnsquebec.png"
2,"k-startupcenter","k-startupcenter.png"
2,"honda-rennes","honda-rennes.png"
2,"honda-mulhouse","honda-mulhouse.png"
2,"worldoptionsgh","worldoptionsgh.png"
2,"renault-beaulieu","renault-beaulieu.png"
2,"cgparivarconstruction","cgparivarconstruction.png"
2,"mercanta","mercanta.png"
2,"santillana","santillana.png"
2,"holidayland-dorfen","holidayland-dorfen.png"
2,"eurochem-na","eurochem-na.png"
2,"sothebysrealty","sothebysrealty.png"
2,"eurotradus","eurotradus.png"
2,"culliganofofallon","culliganofofallon.png"
2,"bnpparibasdeveloppement","bnpparibasdeveloppement.png"
2,"kiaautopol","kiaautopol.png"
2,"vedanta-zincinternational","vedanta-zincinternational.png"
2,"daad-australia","daad-australia.png"
2,"honda-metz","honda-metz.png"
2,"sprachschule-aktiv-passau","sprachschule-aktiv-passau.png"
2,"pmsgen","pmsgen.png"
2,"intersport-gros","intersport-gros.png"
2,"babgencel","babgencel.png"
2,"dertour","dertour.png"
2,"europa-union-thueringen","europa-union-thueringen.png"
2,"specialistnutrition","specialistnutrition.png"
2,"vkf-renzel","vkf-renzel.png"
2,"genan","genan.png"
2,"cfmoto-larissa","cfmoto-larissa.png"
2,"allthingswater","allthingswater.png"
2,"accelltherapy","accelltherapy.png"
2,"aontravpro","aontravpro.png"
2,"solidea","solidea.png"
2,"dolcevita","dolcevita.png"
2,"mooresingapore","mooresingapore.png"
2,"worldvision","worldvision.png"
2,"meyersound","meyersound.png"
2,"venaenergy","venaenergy.png"
2,"globalconnect","globalconnect.png"
2,"gracehomes","gracehomes.png"
2,"nl","nl.png"
2,"childrenandteendentalfl","childrenandteendentalfl.png"
2,"ringcontainers","ringcontainers.png"
2,"seasonsrehab","seasonsrehab.png"
2,"deprag","deprag.png"
2,"howden","howden.png"
2,"toyotasud","toyotasud.png"
2,"daikinuae","daikinuae.png"
2,"grantthornton","grantthornton.png"
2,"adeccojapanese","adeccojapanese.png"
2,"holidayland-bruchkoebel","holidayland-bruchkoebel.png"
2,"compassion","compassion.png"
2,"altriusconsulting","altriusconsulting.png"
2,"hyundaigatineau","hyundaigatineau.png"
2,"worldvisionmexico","worldvisionmexico.png"
2,"intersport","intersport.png"
2,"culliganatlanta","culliganatlanta.png"
2,"sans-sans","sans-sans.png"
2,"seqens","seqens.png"
2,"zalando","zalando.png"
2,"bees-sport","bees-sport.png"
2,"dmcihomes","dmcihomes.png"
2,"bimeda","bimeda.png"
2,"aliaxis","aliaxis.png"
2,"medef-beziers","medef-beziers.png"
2,"benu","benu.png"
2,"boschautoparts","boschautoparts.png"
2,"bioderma","bioderma.png"
2,"sunnybrookprintshop","sunnybrookprintshop.png"
2,"ecochillers","ecochillers.png"
2,"vettersculliganwater","vettersculliganwater.png"
2,"medef31","medef31.png"
2,"sprachschule-aktiv-kaiserslautern","sprachschule-aktiv-kaiserslautern.png"
2,"daikinegypt","daikinegypt.png"
2,"msd","msd.png"
2,"enterprise","enterprise.png"
2,"stawag-energie","stawag-energie.png"
2,"entergyarkansas","entergyarkansas.png"
2,"toyotaconstanta","toyotaconstanta.png"
2,"intersport-grandbornand","intersport-grandbornand.png"
2,"exertisztorm","exertisztorm.png"
2,"tbwaalif","tbwaalif.png"
2,"daikin","daikin.png"
2,"saint-gobain-glass","saint-gobain-glass.png"
2,"gjw-bb","gjw-bb.png"
2,"toyotadefence","toyotadefence.png"
2,"isuzuhanoi","isuzuhanoi.png"
2,"europa-union-bremen","europa-union-bremen.png"
2,"renault-argenteuil","renault-argenteuil.png"
2,"vitalsauna","vitalsauna.png"
2,"pragroup","pragroup.png"
2,"metlife","metlife.png"
2,"underwoodliquorstore","underwoodliquorstore.png"
2,"jetfrio","jetfrio.png"
2,"sitechnw","sitechnw.png"
2,"holidayland-durmersheim","holidayland-durmersheim.png"
2,"autosecuritas-barlin","autosecuritas-barlin.png"
2,"culliganphoenix","culliganphoenix.png"
2,"infiniti-abudhabi","infiniti-abudhabi.png"
2,"in","in.png"
2,"crocssa","crocssa.png"
2,"freeportwestselfstorage","freeportwestselfstorage.png"
2,"sprachcaffe-muenchen","sprachcaffe-muenchen.png"
2,"pearsonschoolsandfecolleges","pearsonschoolsandfecolleges.png"
2,"moog","moog.png"
2,"jungheinrich","jungheinrich.png"
2,"tokosumedang","tokosumedang.png"
2,"subway-franchise","subway-franchise.png"
2,"wordans","wordans.png"
2,"cdvielectronics","cdvielectronics.png"
2,"gjw-sachsen","gjw-sachsen.png"
2,"ibc-solar","ibc-solar.png"
2,"ginger-sofreco","ginger-sofreco.png"
2,"honda-melun","honda-melun.png"
2,"stanleyelectricus","stanleyelectricus.png"
2,"honda-marseille","honda-marseille.png"
2,"daikin-korea","daikin-korea.png"
2,"kiamotors","kiamotors.png"
2,"daikinqatar","daikinqatar.png"
2,"subaruqatar","subaruqatar.png"
2,"daikin-ksa","daikin-ksa.png"
2,"shimadzu-la","shimadzu-la.png"
2,"toyotacomauto","toyotacomauto.png"
2,"toysrus","toysrus.png"
2,"skodanews","skodanews.png"
2,"bestdrive","bestdrive.png"
2,"zhcpa","zhcpa.png"
2,"sto-sea","sto-sea.png"
2,"paybase","paybase.png"
2,"chubblifefund","chubblifefund.png"
2,"linexofwilliston","linexofwilliston.png"
2,"rotaryclubdelima","rotaryclubdelima.png"
2,"budgetqatar","budgetqatar.png"
2,"nidek","nidek.png"
2,"amtrakvacations","amtrakvacations.png"
2,"mariagefreres","mariagefreres.png"
2,"toofacedcosmetics","toofacedcosmetics.png"
2,"eshop","eshop.png"
2,"intersport-arc2000","intersport-arc2000.png"
2,"culliganredwing","culliganredwing.png"
2,"culligandesmoines","culligandesmoines.png"
2,"wurth-international","wurth-international.png"
2,"hyundaichullora","hyundaichullora.png"
2,"renaultsprings","renaultsprings.png"
2,"kern-liebers","kern-liebers.png"
2,"shimadzu","shimadzu.png"
2,"vamdodoma","vamdodoma.png"
2,"culliganwatercorrections","culliganwatercorrections.png"
2,"toyotabatangas","toyotabatangas.png"
2,"duracell","duracell.png"
2,"holidayland-roedermark","holidayland-roedermark.png"
2,"ecslupsk","ecslupsk.png"
2,"wurthcanarias","wurthcanarias.png"
2,"kumonshuppan","kumonshuppan.png"
2,"jdm","jdm.png"
2,"bigfootdigital","bigfootdigital.png"
2,"techmatrix-asia","techmatrix-asia.png"
2,"tchibo","tchibo.png"
2,"skoda-clermontferrand","skoda-clermontferrand.png"
2,"spitex-kriens","spitex-kriens.png"
2,"plastoplan","plastoplan.png"
2,"algordanza","algordanza.png"
2,"future-x","future-x.png"
2,"im","im.png"
2,"inductotherm","inductotherm.png"
2,"anotherbrokeneggfranchise","anotherbrokeneggfranchise.png"
2,"hyrox","hyrox.png"
2,"canon","canon.png"
2,"chip","chip.png"
2,"kiwiqa","kiwiqa.png"
2,"filterteknik","filterteknik.png"
2,"modshair-koeln-city","modshair-koeln-city.png"
2,"insize","insize.png"
2,"culliganwaterburlington","culliganwaterburlington.png"
2,"kokuyo-furniture","kokuyo-furniture.png"
2,"mazda-autohaus-fenzl-hauzenberg","mazda-autohaus-fenzl-hauzenberg.png"
2,"holidayland-sanktwendel","holidayland-sanktwendel.png"
2,"honda-bordeaux","honda-bordeaux.png"
2,"trikonclinicalwaste","trikonclinicalwaste.png"
2,"krautzberger","krautzberger.png"
2,"honda-toulouse","honda-toulouse.png"
2,"subjoy","subjoy.png"
2,"thebodyshop","thebodyshop.png"
2,"innolytics","innolytics.png"
2,"immunospot","immunospot.png"
2,"sonepar","sonepar.png"
2,"polarysgroup","polarysgroup.png"
2,"solatube","solatube.png"
2,"fortprousa","fortprousa.png"
2,"honda-limoges","honda-limoges.png"
2,"macma","macma.png"
2,"entergyneworleans","entergyneworleans.png"
2,"fmc-mexico","fmc-mexico.png"
2,"andre-media","andre-media.png"
2,"atalian","atalian.png"
2,"culliganminneapolis","culliganminneapolis.png"
2,"allianzpp","allianzpp.png"
2,"thisissowgood","thisissowgood.png"
2,"elderhouse","elderhouse.png"
2,"mazdavardi","mazdavardi.png"
2,"europa-union-sachsen","europa-union-sachsen.png"
2,"drinkculligan","drinkculligan.png"
2,"kiaspringfield","kiaspringfield.png"
2,"budgetinternational","budgetinternational.png"
2,"myfamily","myfamily.png"
2,"wuerth-ag","wuerth-ag.png"
2,"medef-44","medef-44.png"
2,"pigtailsandcrewcutsfranchise","pigtailsandcrewcutsfranchise.png"
2,"culligansouthwest","culligansouthwest.png"
2,"komoder","komoder.png"
2,"culligantoledo","culligantoledo.png"
2,"nestle-esar","nestle-esar.png"
2,"keyacuragainesville","keyacuragainesville.png"
2,"vantagepoint","vantagepoint.png"
2,"culligannc","culligannc.png"
2,"aliaxis-me","aliaxis-me.png"
2,"pkf-l","pkf-l.png"
2,"virtual-reality","virtual-reality.png"
2,"gjwnwd","gjwnwd.png"
2,"opterraenergy","opterraenergy.png"
2,"repsolsolgas","repsolsolgas.png"
2,"statkraft","statkraft.png"
2,"forpsi","forpsi.png"
2,"eurofins","eurofins.png"
2,"uxbistart","uxbistart.png"
2,"monitus","monitus.png"
2,"equansservices","equansservices.png"
2,"pamarco","pamarco.png"
2,"hawaiifamilydentalcareers","hawaiifamilydentalcareers.png"
2,"husse","husse.png"
2,"honda-lorient","honda-lorient.png"
2,"aiesec","aiesec.png"
2,"medef79","medef79.png"
2,"bcurelaser","bcurelaser.png"
2,"infiniti-azerbaijan","infiniti-azerbaijan.png"
2,"culligantulsa","culligantulsa.png"
2,"vertretung","vertretung.png"
2,"ercagroup","ercagroup.png"
2,"africa","africa.png"
2,"einhell","einhell.png"
2,"metlifetakealongdental","metlifetakealongdental.png"
2,"tesla","tesla.png"
2,"top-system","top-system.png"
2,"biothanesolutions","biothanesolutions.png"
2,"aeccglobal","aeccglobal.png"
2,"daikinafrica","daikinafrica.png"
2,"boschtools","boschtools.png"
2,"medef-anjou","medef-anjou.png"
2,"workcircle","workcircle.png"
2,"autosecuritas-ct-seysses","autosecuritas-ct-seysses.png"
2,"affinitynonprofits","affinitynonprofits.png"
2,"bonprix-fl","bonprix-fl.png"
2,"intersport-courchevel1850","intersport-courchevel1850.png"
2,"tasuki-holdings","tasuki-holdings.png"
2,"cbrain","cbrain.png"
2,"eresrelocation","eresrelocation.png"
2,"culliganwaterwestbend","culliganwaterwestbend.png"
2,"stoag","stoag.png"
2,"casaaurorasupermercados","casaaurorasupermercados.png"
2,"jp","jp.png"
2,"subwayfrance","subwayfrance.png"
2,"pussyspace","pussyspace.png"
2,"nelsonlabsbozeman","nelsonlabsbozeman.png"
2,"veolia","veolia.png"
2,"menschenfuermenschen","menschenfuermenschen.png"
2,"rotarypublicschool","rotarypublicschool.png"
2,"ymcalouisville","ymcalouisville.png"
2,"tupperware","tupperware.png"
2,"seiban","seiban.png"
2,"designpluz","designpluz.png"
2,"h2oinnovation","h2oinnovation.png"
2,"stosignature","stosignature.png"
2,"bakertillymlt","bakertillymlt.png"
2,"poliform-spb","poliform-spb.png"
2,"aquatherm-belux","aquatherm-belux.png"
2,"nestle-mena","nestle-mena.png"
2,"culliganwt","culliganwt.png"
2,"modshair-braunschweig","modshair-braunschweig.png"
2,"ajaxtocco","ajaxtocco.png"
2,"cdvibenelux","cdvibenelux.png"
2,"honda-lemans","honda-lemans.png"
2,"allbranded","allbranded.png"
2,"liquimix","liquimix.png"
2,"entergylouisiana","entergylouisiana.png"
2,"sompo-intl","sompo-intl.png"
2,"culliganofnashville","culliganofnashville.png"
2,"athora","athora.png"
2,"ymcaokc","ymcaokc.png"
2,"carter-benson","carter-benson.png"
2,"xtransfer","xtransfer.png"
2,"europa-union-kassel","europa-union-kassel.png"
2,"secom","secom.png"
2,"teknoware","teknoware.png"
2,"vwswestgarth","vwswestgarth.png"
2,"culliganlansing","culliganlansing.png"
2,"warmupdeutschland","warmupdeutschland.png"
2,"skoda-nancy","skoda-nancy.png"
2,"infiniti-bahrain","infiniti-bahrain.png"
2,"nextbikeczech","nextbikeczech.png"
2,"remax-go","remax-go.png"
2,"bbraun-vetcare","bbraun-vetcare.png"
2,"es","es.png"
2,"medef-pays-basque","medef-pays-basque.png"
2,"culliganbetterwater","culliganbetterwater.png"
2,"flashmed-lb","flashmed-lb.png"
2,"cardif","cardif.png"
2,"century21viaplus","century21viaplus.png"
2,"blackroll","blackroll.png"
2,"mycabin","mycabin.png"
2,"bowlero","bowlero.png"
2,"intersport-lesrousses","intersport-lesrousses.png"
2,"advantisengineering","advantisengineering.png"
2,"rutscherlebnis","rutscherlebnis.png"
2,"culliganwaterstillwater","culliganwaterstillwater.png"
2,"rinnai","rinnai.png"
2,"premiumproperties","premiumproperties.png"
2,"daikintexastechnologypark","daikintexastechnologypark.png"
2,"renoculligan","renoculligan.png"
2,"honda","honda.png"
2,"starkeypro","starkeypro.png"
2,"garminstore","garminstore.png"
2,"freseniusmedicalcare","freseniusmedicalcare.png"
2,"powerint","powerint.png"
2,"hu","hu.png"
2,"daikin-ce","daikin-ce.png"
2,"wolterskluwer","wolterskluwer.png"
2,"veolianorthamerica","veolianorthamerica.png"
2,"siiora","siiora.png"
2,"specialolympics","specialolympics.png"
2,"hansa-flex","hansa-flex.png"
2,"isuzu-vietnam","isuzu-vietnam.png"
2,"bellaplanta","bellaplanta.png"
2,"nutriciavoorjou","nutriciavoorjou.png"
2,"fimacf","fimacf.png"
2,"electrolux","electrolux.png"
2,"solutions30","solutions30.png"
2,"statkraftvarme","statkraftvarme.png"
2,"holidayland-wunstorf","holidayland-wunstorf.png"
2,"domcor","domcor.png"
2,"isuzugyor","isuzugyor.png"
2,"msd-animal-health","msd-animal-health.png"
2,"aiesecaustralia","aiesecaustralia.png"
2,"fmlogistic","fmlogistic.png"
2,"dennert","dennert.png"
2,"krofian","krofian.png"
2,"amphenolaudio","amphenolaudio.png"
2,"europa-union-niedersachsen","europa-union-niedersachsen.png"
2,"attijariwafabank","attijariwafabank.png"
2,"nordicpharma","nordicpharma.png"
2,"medef-bearnetsoule","medef-bearnetsoule.png"
2,"kamic","kamic.png"
2,"modshair-bielefeld","modshair-bielefeld.png"
2,"experianacademy","experianacademy.png"
2,"allianz-reiseschutz","allianz-reiseschutz.png"
2,"foxinaboxlondon","foxinaboxlondon.png"
2,"webster","webster.png"
2,"applebees","applebees.png"
2,"daikinczech","daikinczech.png"
2,"culliganofwestbranch","culliganofwestbranch.png"
2,"cubcadet","cubcadet.png"
2,"advocaremorristownpediatrics","advocaremorristownpediatrics.png"
2,"adecco","adecco.png"
2,"honda-grenoble","honda-grenoble.png"
2,"tectake","tectake.png"
2,"autosecuritas-ct-notre-dame-doe","autosecuritas-ct-notre-dame-doe.png"
2,"ampersand-world","ampersand-world.png"
2,"globalconnectgroup","globalconnectgroup.png"
2,"trakm8","trakm8.png"
2,"misterwhat","misterwhat.png"
2,"tgmresearch","tgmresearch.png"
2,"moore-czech","moore-czech.png"
2,"laborelec","laborelec.png"
2,"topdoctors","topdoctors.png"
2,"honda-reims","honda-reims.png"
2,"honda-dijon","honda-dijon.png"
2,"budget-ireland","budget-ireland.png"
2,"nestle","nestle.png"
2,"culliganh2o","culliganh2o.png"
2,"tupperwarefiesta","tupperwarefiesta.png"
2,"analytik-jena","analytik-jena.png"
2,"msdinsight","msdinsight.png"
2,"myron","myron.png"
2,"santander","santander.png"
2,"allianz-handwerker","allianz-handwerker.png"
2,"piccinifuels","piccinifuels.png"
2,"hyundaitgv","hyundaitgv.png"
2,"honda-caen","honda-caen.png"
2,"enterpriserentacar","enterpriserentacar.png"
2,"advocarewdp","advocarewdp.png"
2,"cimbbank","cimbbank.png"
2,"fluidmasteruk","fluidmasteruk.png"
2,"asendiausa","asendiausa.png"
2,"carlsjr","carlsjr.png"
2,"solatubescotland","solatubescotland.png"
2,"ebayglobalshipping","ebayglobalshipping.png"
2,"autosecuritaslemoule","autosecuritaslemoule.png"
2,"papajohns","papajohns.png"
2,"dahmira","dahmira.png"
2,"cyrillus","cyrillus.png"
2,"mapfre","mapfre.png"
2,"subarusouthpoint","subarusouthpoint.png"
2,"daikinmalaysia","daikinmalaysia.png"
2,"intersport-martinique-guadeloupe","intersport-martinique-guadeloupe.png"
2,"benefitsystems","benefitsystems.png"
2,"holidayland-reisebuero-stuppert","holidayland-reisebuero-stuppert.png"
2,"viacon","viacon.png"
2,"rotaryclubmedellin","rotaryclubmedellin.png"
2,"decathlon","decathlon.png"
2,"johcm-ukconference","johcm-ukconference.png"
2,"toyotahonduras","toyotahonduras.png"
2,"citychain","citychain.png"
2,"euromaster","euromaster.png"
2,"algeco","algeco.png"
2,"elizabetharden","elizabetharden.png"
2,"subway","subway.png"
2,"vitabuchs","vitabuchs.png"
2,"culligansanantonio","culligansanantonio.png"
2,"medef-cote-opale","medef-cote-opale.png"
2,"veoliawatertechnologies","veoliawatertechnologies.png"
2,"affresco-decor","affresco-decor.png"
2,"aamcogreensburgpa","aamcogreensburgpa.png"
2,"honda-villebon","honda-villebon.png"
2,"wurthindustry","wurthindustry.png"
2,"autosecuritas-tallard","autosecuritas-tallard.png"
2,"affidea","affidea.png"
2,"eurofinsfoodtesting","eurofinsfoodtesting.png"
2,"secureparkinghi","secureparkinghi.png"
2,"modshair-nuernberg","modshair-nuernberg.png"
2,"sourceadvisors","sourceadvisors.png"
2,"honda-lille","honda-lille.png"
2,"budatec","budatec.png"
2,"experian","experian.png"
2,"steinbacher","steinbacher.png"
2,"toyotanorthedsa","toyotanorthedsa.png"
2,"entergy","entergy.png"
2,"propertyfinder","propertyfinder.png"
2,"funiber","funiber.png"
2,"faesfarma","faesfarma.png"
2,"wuerth-gruppe","wuerth-gruppe.png"
2,"cargoriga","cargoriga.png"
2,"synlab","synlab.png"
2,"clearblueionizer","clearblueionizer.png"
2,"shercomotorcycles","shercomotorcycles.png"
2,"pcllawyersfrankston","pcllawyersfrankston.png"
2,"advocarenewbornnetwork","advocarenewbornnetwork.png"
2,"promat","promat.png"
2,"culliganwatertreatment","culliganwatertreatment.png"
2,"autosecuritas-ctlp","autosecuritas-ctlp.png"
2,"toyota-bornholm","toyota-bornholm.png"
2,"solatubegalicia","solatubegalicia.png"
2,"trinkgutlippstadt","trinkgutlippstadt.png"
2,"gloriasportsarena","gloriasportsarena.png"
2,"isuzu","isuzu.png"
2,"schaumann","schaumann.png"
2,"alosindustrials","alosindustrials.png"
2,"planncosteels","planncosteels.png"
2,"allianz-peev","allianz-peev.png"
2,"kewpie","kewpie.png"
2,"soneparthailand","soneparthailand.png"
2,"medef-essonne","medef-essonne.png"
2,"daikindevice","daikindevice.png"
2,"culliganiowa","culliganiowa.png"
2,"lamborghinimontreal","lamborghinimontreal.png"
2,"ealang","ealang.png"
2,"culliganromeo","culliganromeo.png"
2,"louisdepoorterestore","louisdepoorterestore.png"
2,"storisell","storisell.png"
2,"mediqdirekt","mediqdirekt.png"
2,"daikinbahrain","daikinbahrain.png"
2,"despat","despat.png"
2,"it","it.png"
2,"daikinchemicals","daikinchemicals.png"
2,"sherwin-williams","sherwin-williams.png"
2,"daikinkuwait","daikinkuwait.png"
2,"immanuelalbertinen","immanuelalbertinen.png"
2,"batistareisfloresonline","batistareisfloresonline.png"
2,"subarusouthcharlotte","subarusouthcharlotte.png"
2,"yves-rocher","yves-rocher.png"
2,"modshair","modshair.png"
2,"zktecoma","zktecoma.png"
2,"katyawilliamsbridal","katyawilliamsbridal.png"
2,"hollandandbarrett","hollandandbarrett.png"
2,"carglass","carglass.png"
2,"jscosccha","jscosccha.png"
2,"dfcapital-investors","dfcapital-investors.png"
2,"keika-c","keika-c.png"
2,"mondialparebrise","mondialparebrise.png"
2,"synlab-notes","synlab-notes.png"
2,"intersport-courchevel1550","intersport-courchevel1550.png"
2,"acurasouthpoint","acurasouthpoint.png"
2,"starkeyjp","starkeyjp.png"
2,"newson-gale","newson-gale.png"
2,"unicharm","unicharm.png"
2,"honda-larochelle","honda-larochelle.png"
2,"honda-autoland","honda-autoland.png"
2,"avispl","avispl.png"
2,"equans","equans.png"
2,"shimadzumea","shimadzumea.png"
2,"honda-chateauroux","honda-chateauroux.png"
2,"hyundaicentralsales","hyundaicentralsales.png"
2,"stora-drain","stora-drain.png"
2,"stockco","stockco.png"
2,"sitech-ohio","sitech-ohio.png"
2,"nutricia","nutricia.png"
2,"rotary-bulgaria","rotary-bulgaria.png"
2,"middletemplevenue","middletemplevenue.png"
2,"pepsico","pepsico.png"
2,"hondasevilla","hondasevilla.png"
2,"pilotpen","pilotpen.png"
2,"lww","lww.png"
2,"bauwerk-group","bauwerk-group.png"
2,"toyotabucurestinord","toyotabucurestinord.png"
2,"actemium","actemium.png"
2,"culliganofsouthwestwisconsin","culliganofsouthwestwisconsin.png"
2,"cfmotoitaly","cfmotoitaly.png"
2,"vispiron","vispiron.png"
2,"mateco","mateco.png"
2,"bbraun","bbraun.png"
2,"budgetglacier","budgetglacier.png"
2,"intersport-arvieux","intersport-arvieux.png"
2,"aspenpharma","aspenpharma.png"
2,"allianzdarta","allianzdarta.png"
2,"matutis","matutis.png"
2,"svnnc","svnnc.png"
2,"jll","jll.png"
2,"gjw-mv","gjw-mv.png"
2,"stadtwerke-heidenheim-regio","stadtwerke-heidenheim-regio.png"
2,"neposystem","neposystem.png"
2,"honda-pirola","honda-pirola.png"
2,"cavendersubarumidlandodessa","cavendersubarumidlandodessa.png"
2,"savethechildren","savethechildren.png"
2,"rotarycoimbatoredowntown","rotarycoimbatoredowntown.png"
2,"intersport-arc1950","intersport-arc1950.png"
2,"honda-montpellier","honda-montpellier.png"
2,"nestle-caribbean","nestle-caribbean.png"
2,"etxt","etxt.png"
2,"eccreditcontrol","eccreditcontrol.png"
2,"mantruckmerchandise","mantruckmerchandise.png"
2,"modshair-hannover","modshair-hannover.png"
2,"medeforne","medeforne.png"
2,"pearson","pearson.png"
2,"decathlonkz","decathlonkz.png"
2,"keytitleoftexas","keytitleoftexas.png"
2,"enefit","enefit.png"
2,"medef-artois","medef-artois.png"
2,"hendersonkyedc","hendersonkyedc.png"
2,"acurahonolulu","acurahonolulu.png"
2,"processcommunicationmodel","processcommunicationmodel.png"
2,"daikincareers","daikincareers.png"
2,"skoda-metz","skoda-metz.png"
2,"engie-refrigeration","engie-refrigeration.png"
2,"globalconnectcarrier","globalconnectcarrier.png"
2,"pkfcabrera","pkfcabrera.png"
2,"linexofchickasha","linexofchickasha.png"
2,"adfc-radtourismus","adfc-radtourismus.png"
2,"caspak","caspak.png"
2,"rotary","rotary.png"
2,"kentmaster","kentmaster.png"
2,"kumonla","kumonla.png"
2,"daikinmea","daikinmea.png"
2,"daikinitalyshop","daikinitalyshop.png"
2,"yord","yord.png"
2,"subwaypacific","subwaypacific.png"
2,"daikinlebanon","daikinlebanon.png"
2,"fleishmanhillard","fleishmanhillard.png"
2,"cdviplastics","cdviplastics.png"
2,"pakuacanada","pakuacanada.png"
2,"my","my.png"
2,"cfmotoindia","cfmotoindia.png"
2,"aiesecargentina","aiesecargentina.png"
2,"orbico-kenoanyagok","orbico-kenoanyagok.png"
2,"whisky","whisky.png"
2,"teztour","teztour.png"
2,"baywa-re","baywa-re.png"
2,"isuzubarcs","isuzubarcs.png"
2,"ajas","ajas.png"
2,"sto","sto.png"
2,"rotary5960","rotary5960.png"
2,"rotarygranada","rotarygranada.png"
2,"honda-meaux","honda-meaux.png"
2,"br","br.png"
2,"bioderma-india","bioderma-india.png"
2,"aireserv","aireserv.png"
2,"acetool","acetool.png"
2,"deheus","deheus.png"
2,"adlatus-nordwestschweiz","adlatus-nordwestschweiz.png"
2,"eru","eru.png"
2,"budget","budget.png"
2,"modshair-koeln-lindenthal","modshair-koeln-lindenthal.png"
2,"new-beauty","new-beauty.png"
2,"ctdi","ctdi.png"
2,"honda-saint-maur","honda-saint-maur.png"
2,"infiniti-jordan","infiniti-jordan.png"
2,"hps-guns","hps-guns.png"
2,"medef-ardennes","medef-ardennes.png"
2,"boschautopartes","boschautopartes.png"
2,"moore","moore.png"
2,"runningadventureoutdoor","runningadventureoutdoor.png"
2,"howdensafetysolutions","howdensafetysolutions.png"
2,"johnsmedley","johnsmedley.png"
2,"experianidworks","experianidworks.png"
2,"buydaikin","buydaikin.png"
2,"narscosmetics","narscosmetics.png"
2,"decathlon-karriere","decathlon-karriere.png"
2,"pauldaviswi","pauldaviswi.png"
2,"wurth","wurth.png"
2,"ilmercatoambacht","ilmercatoambacht.png"
2,"europa-union-diepholz","europa-union-diepholz.png"
2,"autosecuritas-ducos","autosecuritas-ducos.png"
2,"stoitalia","stoitalia.png"
2,"linexofschererville","linexofschererville.png"
2,"hofmann-personal","hofmann-personal.png"
2,"notaris","notaris.png"
2,"entergymississippi","entergymississippi.png"
2,"culliganjanesville","culliganjanesville.png"
2,"gmscenter","gmscenter.png"
2,"veoliawatertech","veoliawatertech.png"
2,"sprachschule-aktiv","sprachschule-aktiv.png"
2,"softland","softland.png"
2,"starkey","starkey.png"
2,"budgetoman","budgetoman.png"
2,"apexdynamicsgermany","apexdynamicsgermany.png"
2,"holidayland-pohlheim","holidayland-pohlheim.png"
2,"honda-rouen","honda-rouen.png"
2,"inductotherm-group-france","inductotherm-group-france.png"
2,"fitness4home","fitness4home.png"
2,"allianzgloballife","allianzgloballife.png"
2,"daikineastafrica","daikineastafrica.png"
2,"w3","w3.png"
2,"landish","landish.png"
2,"unglobalcompact","unglobalcompact.png"
2,"rotaryclubofessex","rotaryclubofessex.png"
2,"mi","mi.png"
2,"culliganslc","culliganslc.png"
2,"rationalstock","rationalstock.png"
2,"prioritymanagementscotland","prioritymanagementscotland.png"
2,"hamburg","hamburg.png"
2,"nobleprog","nobleprog.png"
2,"medef-franche-comte","medef-franche-comte.png"
2,"carlsjr-russia","carlsjr-russia.png"
2,"williamblair","williamblair.png"
2,"intersport-risoul","intersport-risoul.png"
2,"europa-union-sachsen-anhalt","europa-union-sachsen-anhalt.png"
2,"infiniti","infiniti.png"
2,"infiniti-dubai","infiniti-dubai.png"
2,"alcirclebiz","alcirclebiz.png"
2,"hyundaiblacktown","hyundaiblacktown.png"
2,"vetpartners","vetpartners.png"
2,"meritfinancialadvisors","meritfinancialadvisors.png"
2,"berlitz-dublin","berlitz-dublin.png"
2,"hondamurcia","hondamurcia.png"
2,"daikin-iraq","daikin-iraq.png"
2,"honda-strasbourg","honda-strasbourg.png"
2,"hydroscand","hydroscand.png"
2,"mateco-hungary","mateco-hungary.png"
2,"gjw-hessen","gjw-hessen.png"
2,"repsol","repsol.png"
2,"promstahl","promstahl.png"
2,"medef-nouvelle-aquitaine","medef-nouvelle-aquitaine.png"
2,"toyotacommonwealth","toyotacommonwealth.png"
2,"aonsolutions","aonsolutions.png"
2,"janegal","janegal.png"
2,"rotary7620","rotary7620.png"
2,"stanbicbank","stanbicbank.png"
2,"cfmotobenelux","cfmotobenelux.png"
2,"autosecuritas-passins","autosecuritas-passins.png"
2,"vectorinfotech","vectorinfotech.png"
2,"implantcenter-dentistry","implantcenter-dentistry.png"
2,"sitech","sitech.png"
2,"europa-union-havelland","europa-union-havelland.png"
2,"lvs-oxford","lvs-oxford.png"
2,"wuerth","wuerth.png"
2,"freseniuskidneycare","freseniuskidneycare.png"
2,"kind-der-stadt","kind-der-stadt.png"
2,"unitecnica-us","unitecnica-us.png"
3,"aamcoanaheim","aamcoanaheim.png"
3,"aamcocarync","aamcocarync.png"
3,"aamcowoodstock-mainst","aamcowoodstock-mainst.png"
3,"aamcoparkvillemd","aamcoparkvillemd.png"
3,"aamcoscottsdaleroad","aamcoscottsdaleroad.png"
3,"aamco-chesapeakeva","aamco-chesapeakeva.png"
3,"aamcohialeahfl","aamcohialeahfl.png"
3,"aamco-corpuschristi","aamco-corpuschristi.png"
3,"aamcolakeforestca","aamcolakeforestca.png"
3,"aamcoalbuquerque","aamcoalbuquerque.png"
3,"aamcostatenisland","aamcostatenisland.png"
3,"aamco-newbraunfels","aamco-newbraunfels.png"
3,"aamcooklahomacity-yukon","aamcooklahomacity-yukon.png"
3,"aamcochannelviewtx","aamcochannelviewtx.png"
3,"aamcowarrentonva","aamcowarrentonva.png"
3,"aamcolexingtonwest","aamcolexingtonwest.png"
3,"aamcoelpaso-east","aamcoelpaso-east.png"
3,"aamcofortlauderdale-plantation","aamcofortlauderdale-plantation.png"
3,"aamcoeastpointga","aamcoeastpointga.png"
3,"aamcovictorvilleca","aamcovictorvilleca.png"
3,"aamcosanrafaelca","aamcosanrafaelca.png"
3,"aamcowalnutcreekca","aamcowalnutcreekca.png"
3,"aamcowilliamsportpa","aamcowilliamsportpa.png"
3,"aamcocedarparktx","aamcocedarparktx.png"
3,"aamcophoenixcentral","aamcophoenixcentral.png"
3,"aamcoglendalearrowhead","aamcoglendalearrowhead.png"
3,"aamcoaloha","aamcoaloha.png"
3,"aamcohagerstownmd","aamcohagerstownmd.png"
3,"aamcolexingtonparkmd","aamcolexingtonparkmd.png"
3,"aamcolongbeachca","aamcolongbeachca.png"
3,"aamcosilverspringmd","aamcosilverspringmd.png"
3,"aamco-bellevue","aamco-bellevue.png"
3,"aamcobridgewater","aamcobridgewater.png"
3,"aamcobloomfield","aamcobloomfield.png"
3,"aamco-omahasouth","aamco-omahasouth.png"
3,"aamcoeastmesa","aamcoeastmesa.png"
3,"aamcopembroke","aamcopembroke.png"
3,"aamcogolflinks","aamcogolflinks.png"
3,"aamcohackettstown","aamcohackettstown.png"
3,"aamcoportsmouthnh","aamcoportsmouthnh.png"
3,"aamcomorristown","aamcomorristown.png"
3,"aamcowestpalmbeach","aamcowestpalmbeach.png"
3,"aamcoescondido","aamcoescondido.png"
3,"aamcomesacountryclub","aamcomesacountryclub.png"
3,"aamcomorganhill","aamcomorganhill.png"
3,"aamcokcnorth","aamcokcnorth.png"
3,"aamcoconcord","aamcoconcord.png"
3,"aamco-duluthga","aamco-duluthga.png"
3,"aamcomissouricitytx","aamcomissouricitytx.png"
3,"aamcobloomingtonil","aamcobloomingtonil.png"
3,"aamcocharlottesville","aamcocharlottesville.png"
3,"aamconorthtampa","aamconorthtampa.png"
3,"aamcoastoria","aamcoastoria.png"
3,"aamcoypsilantimi","aamcoypsilantimi.png"
3,"aamcoofgreensboro","aamcoofgreensboro.png"
3,"aamcokansascitysouth","aamcokansascitysouth.png"
3,"aamconorwalk","aamconorwalk.png"
3,"aamcotulsa-brokenarrow","aamcotulsa-brokenarrow.png"
3,"aamcomurraysouthsaltlakecity","aamcomurraysouthsaltlakecity.png"
3,"aamcocentraltampa","aamcocentraltampa.png"
3,"aamcolubbock","aamcolubbock.png"
3,"aamcosantacruzca","aamcosantacruzca.png"
3,"aamcosandiego-miramar","aamcosandiego-miramar.png"
3,"aamcocolumbus-wbroadst","aamcocolumbus-wbroadst.png"
3,"aamcoalexandriava","aamcoalexandriava.png"
3,"aamcoscottsdaleairpark","aamcoscottsdaleairpark.png"
3,"aamcowsa","aamcowsa.png"
3,"aamcolawrencevillega","aamcolawrencevillega.png"
3,"aamcocorvallisor","aamcocorvallisor.png"
3,"aamcoranchocucamonga","aamcoranchocucamonga.png"
3,"aamconsa","aamconsa.png"
3,"aamcotransmissionpensacola","aamcotransmissionpensacola.png"
3,"aamcobristolpa","aamcobristolpa.png"
3,"aamcooklahomacity-edmond","aamcooklahomacity-edmond.png"
3,"aamcoabingtonpa","aamcoabingtonpa.png"
3,"aamcorochesterny","aamcorochesterny.png"
3,"aamcoyumaaz","aamcoyumaaz.png"
3,"aamcocollegestationtx","aamcocollegestationtx.png"
3,"aamcofeastervillepa","aamcofeastervillepa.png"
3,"aamcowintervillenc","aamcowintervillenc.png"
3,"aamcomcdonoughga","aamcomcdonoughga.png"
3,"aamcodallastx","aamcodallastx.png"
3,"aamcocolumbus-clevelandave","aamcocolumbus-clevelandave.png"
3,"aamcofontanaca","aamcofontanaca.png"
3,"aamcoerlanger","aamcoerlanger.png"
3,"aamcosignalhill","aamcosignalhill.png"
3,"aamcobrooklyn-ralphave","aamcobrooklyn-ralphave.png"
3,"aamco-omahanorth","aamco-omahanorth.png"
3,"aamcooaklandca","aamcooaklandca.png"
3,"aamcometuchen","aamcometuchen.png"
3,"aamcoeverett","aamcoeverett.png"
3,"aamcomanassasva","aamcomanassasva.png"
3,"aamco-councilbluffs","aamco-councilbluffs.png"
3,"aamcophoenixnortheast","aamcophoenixnortheast.png"
3,"aamcodelran","aamcodelran.png"
3,"aamcoinglewoodca","aamcoinglewoodca.png"
3,"aamcophoenixville","aamcophoenixville.png"
3,"mylocalaamco","mylocalaamco.png"
3,"aamcospokanevalleywa","aamcospokanevalleywa.png"
3,"aamcoelcajon","aamcoelcajon.png"
3,"aamcoblog","aamcoblog.png"
3,"aamcomilwaukieor","aamcomilwaukieor.png"
3,"aamcolexingtoneast","aamcolexingtoneast.png"
3,"aamcosuffolkva","aamcosuffolkva.png"
3,"aamcosantaclaritaca","aamcosantaclaritaca.png"
3,"aamcoroslindalema","aamcoroslindalema.png"
3,"aamcomorenovalley","aamcomorenovalley.png"
3,"aamcospringfieldva","aamcospringfieldva.png"
3,"aamcomiddletownny","aamcomiddletownny.png"
3,"aamcoreno","aamcoreno.png"
3,"aamcohamptonva","aamcohamptonva.png"
3,"aamcoeastonpa","aamcoeastonpa.png"
3,"aamcowarrenmi","aamcowarrenmi.png"
3,"aamcoreynoldsburgoh","aamcoreynoldsburgoh.png"
3,"aamcosouthloopautorepair","aamcosouthloopautorepair.png"
3,"aamcoorange","aamcoorange.png"
3,"aamcopeoria-az","aamcopeoria-az.png"
3,"aamcoeastbrunswick","aamcoeastbrunswick.png"
3,"aamco-taylorsvilleut","aamco-taylorsvilleut.png"
3,"aamcocoronaca","aamcocoronaca.png"
3,"aamcopasadenaca","aamcopasadenaca.png"
3,"aamcoglendaleoldtown","aamcoglendaleoldtown.png"
3,"aamcoconwaysc","aamcoconwaysc.png"
3,"aamconewwindsor","aamconewwindsor.png"
3,"aamcorockvillemd","aamcorockvillemd.png"
3,"aamcoindependencemo","aamcoindependencemo.png"
3,"aamcospringfield","aamcospringfield.png"
3,"aamcotulsa-harvard","aamcotulsa-harvard.png"
3,"aamcogaithersburgmd","aamcogaithersburgmd.png"
3,"aamcofortlauderdale-dixiehwy","aamcofortlauderdale-dixiehwy.png"
3,"aamcobradenton","aamcobradenton.png"
3,"aamcoofupland","aamcoofupland.png"
3,"aamcowoodbridgeva","aamcowoodbridgeva.png"
3,"aamcotransmissionsknoxville-kingstonpike","aamcotransmissionsknoxville-kingstonpike.png"
3,"aamcoantiochca","aamcoantiochca.png"
3,"aamcodowneyca","aamcodowneyca.png"
3,"aamcobronx","aamcobronx.png"
3,"aamcosurprise","aamcosurprise.png"
3,"aamcogastonianc","aamcogastonianc.png"
3,"aamcoeggharbortwp","aamcoeggharbortwp.png"
3,"aamcostuartfl","aamcostuartfl.png"
3,"aamcotulsa-memorial","aamcotulsa-memorial.png"
3,"aamcoconcordnh","aamcoconcordnh.png"
3,"aamcobaltimore-pulaskihwy","aamcobaltimore-pulaskihwy.png"
3,"aamcocapistranobeachca","aamcocapistranobeachca.png"
3,"aamcophilly-frankfordave","aamcophilly-frankfordave.png"
3,"aamcosandiego-missionbay","aamcosandiego-missionbay.png"
3,"aamcofuquayvarinanc","aamcofuquayvarinanc.png"
3,"aamcoutah","aamcoutah.png"
3,"aamconorthwestfwy-houston","aamconorthwestfwy-houston.png"
3,"aamcopomonaca","aamcopomonaca.png"
3,"aamcoburbank","aamcoburbank.png"
3,"aamcodovernj","aamcodovernj.png"
3,"aamcopennsaukennj","aamcopennsaukennj.png"
3,"aamcoclaymontde","aamcoclaymontde.png"
3,"aamcospringfieldoh","aamcospringfieldoh.png"
3,"aamcosocal","aamcosocal.png"
3,"aamcopasadenatx","aamcopasadenatx.png"
3,"aamcohouston-veteransmemorial","aamcohouston-veteransmemorial.png"
3,"aamcovirginiabeachva","aamcovirginiabeachva.png"
3,"aamcotopekaks","aamcotopekaks.png"
3,"aamcofremontca","aamcofremontca.png"
3,"aamcoeugeneor","aamcoeugeneor.png"
3,"aamcobrookfieldwi","aamcobrookfieldwi.png"
3,"aamcoahwatukee","aamcoahwatukee.png"
3,"aamcosalemor","aamcosalemor.png"
3,"aamcoathensga","aamcoathensga.png"
3,"aamcochino","aamcochino.png"
3,"aamcoroanokeva","aamcoroanokeva.png"
3,"aamcohemetca","aamcohemetca.png"
3,"aamcoaustin-burnetrd","aamcoaustin-burnetrd.png"
3,"aamcoconyersga","aamcoconyersga.png"
3,"aamcomiami-birdroad","aamcomiami-birdroad.png"
3,"aamcosantaanaca","aamcosantaanaca.png"
3,"aamcolaurelmd","aamcolaurelmd.png"
3,"aamcorandallstownmd","aamcorandallstownmd.png"
3,"aamcotemeculaca","aamcotemeculaca.png"
3,"aamcowestbroward","aamcowestbroward.png"
3,"aamcola-culvercity","aamcola-culvercity.png"
3,"aamcowebstertx","aamcowebstertx.png"
3,"aamcopinevillenc","aamcopinevillenc.png"
3,"aamcoviennava","aamcoviennava.png"
3,"aamcohuntingtonbeachca","aamcohuntingtonbeachca.png"
3,"aamcoseguin","aamcoseguin.png"
3,"aamcomarietta-cobbparkway","aamcomarietta-cobbparkway.png"
3,"aamcosouthtampa","aamcosouthtampa.png"
3,"aamco-omahawest","aamco-omahawest.png"
3,"aamcocatonsvillemd","aamcocatonsvillemd.png"
3,"aamcopuyallupwa","aamcopuyallupwa.png"
3,"aamcotwinfalls","aamcotwinfalls.png"
3,"aamconorthridgeca","aamconorthridgeca.png"
3,"aamcohightstownnj","aamcohightstownnj.png"
3,"aamcoreadingpa","aamcoreadingpa.png"
3,"aamcomanchesterct","aamcomanchesterct.png"
3,"aamcostroudsburg","aamcostroudsburg.png"
3,"aamcowashingtondc","aamcowashingtondc.png"
3,"aamcoraleigh-capitalblvd","aamcoraleigh-capitalblvd.png"
3,"aamcolakeworth","aamcolakeworth.png"
3,"aamcopatchogue","aamcopatchogue.png"
3,"aamcovancouver99","aamcovancouver99.png"
3,"aamcoeuless","aamcoeuless.png"
3,"aamcomcallen","aamcomcallen.png"
3,"aamcotempe","aamcotempe.png"
3,"aamcosouthsarasota","aamcosouthsarasota.png"
3,"aamcosanbernardinoca","aamcosanbernardinoca.png"
3,"aamcobrooklyn-atlanticave","aamcobrooklyn-atlanticave.png"
3,"aamcophoenixmaryvale","aamcophoenixmaryvale.png"
3,"aamcocantonga","aamcocantonga.png"
3,"aamcosantarosa","aamcosantarosa.png"
3,"aamcodelraybeach","aamcodelraybeach.png"
3,"aamcobearde","aamcobearde.png"
3,"aamcofrederickmd","aamcofrederickmd.png"
3,"aamcomorrisvillepa","aamcomorrisvillepa.png"
3,"aamcotigard","aamcotigard.png"
3,"aamcopottstownpa","aamcopottstownpa.png"
3,"aamcooklahomacity-northwest","aamcooklahomacity-northwest.png"
3,"aamcoseattlewa","aamcoseattlewa.png"
3,"aamcolasvegas","aamcolasvegas.png"
3,"aamcoroundrocktx","aamcoroundrocktx.png"
3,"aamcopompanobeach","aamcopompanobeach.png"
3,"aamcocovinaca","aamcocovinaca.png"
3,"aamconewportnews","aamconewportnews.png"
4,"renault-guilers","renault-guilers.png"
4,"renaulttepic","renaulttepic.png"
4,"renaultchiapas","renaultchiapas.png"
4,"renaultinterlomas","renaultinterlomas.png"
4,"renaultazcapotzalco","renaultazcapotzalco.png"
4,"renaultamericas","renaultamericas.png"
4,"renaultmerida","renaultmerida.png"
4,"renaultcampeche","renaultcampeche.png"
4,"renaultpatria","renaultpatria.png"
4,"renaulttlalnepantla","renaulttlalnepantla.png"
4,"renaultdelsol","renaultdelsol.png"
4,"renaultbank","renaultbank.png"
4,"renaultmonterrey","renaultmonterrey.png"
4,"renaultcancun","renaultcancun.png"
4,"renaultcoatzacoalcos","renaultcoatzacoalcos.png"
4,"renaultsancosme","renaultsancosme.png"
4,"renaultpuertovallarta","renaultpuertovallarta.png"
4,"renault-chihuahua","renault-chihuahua.png"
4,"renaultpatriotismo","renaultpatriotismo.png"
5,"rexel","rexel.png"
6,"toyotasandikci","toyotasandikci.png"
6,"toyotacetas","toyotacetas.png"
6,"toyotayigitvar","toyotayigitvar.png"
6,"toyotatokullar","toyotatokullar.png"
6,"toyotaparmaksizlar","toyotaparmaksizlar.png"
6,"toyotayoruk","toyotayoruk.png"
6,"toyotagoktepe","toyotagoktepe.png"
6,"toyotagocmenturk","toyotagocmenturk.png"
6,"toyotaakten","toyotaakten.png"
6,"toyotasonkar","toyotasonkar.png"
6,"toyotaaykon","toyotaaykon.png"
6,"toyotaoztoprakhatay","toyotaoztoprakhatay.png"
6,"toyotacavdarli","toyotacavdarli.png"
6,"toyotakocaelikaya","toyotakocaelikaya.png"
6,"toyotatoyan","toyotatoyan.png"
6,"toyotakar","toyotakar.png"
6,"toyotayatubodrum","toyotayatubodrum.png"
6,"toyotaer","toyotaer.png"
6,"toyotaaktoy","toyotaaktoy.png"
6,"toyotayatumugla","toyotayatumugla.png"
6,"toyotadolak","toyotadolak.png"
6,"toyotaboranlar","toyotaboranlar.png"
6,"toyotamici","toyotamici.png"
6,"toyotaborovali","toyotaborovali.png"
6,"toyotaotojen","toyotaotojen.png"
6,"toyotaalbania","toyotaalbania.png"
6,"toyotamezcar","toyotamezcar.png"
6,"toyotanatas","toyotanatas.png"
6,"toyotabakircilarfethiye","toyotabakircilarfethiye.png"
6,"toyotasarar","toyotasarar.png"
6,"toyotaonatca","toyotaonatca.png"
6,"toyotahizel","toyotahizel.png"
6,"toyotaefe","toyotaefe.png"
6,"toyotasamlioglu","toyotasamlioglu.png"
6,"toyotaderinderekocak","toyotaderinderekocak.png"
6,"toyotaakkoyunlu","toyotaakkoyunlu.png"
6,"toyotaelpa","toyotaelpa.png"
6,"toyotaaydogan","toyotaaydogan.png"
6,"toyotakuzen","toyotakuzen.png"
6,"toyota-saint-victoret","toyota-saint-victoret.png"
6,"toyota-marseille","toyota-marseille.png"
7,"whatsonsaudiarabia","whatsonsaudiarabia.png"
8,"mazda-autohaus-schreier-biebergemuend-bieber","mazda-autohaus-schreier-biebergemuend-bieber.png"
8,"mazda-autohaus-baumgart-altensteig","mazda-autohaus-baumgart-altensteig.png"
8,"mazda-autohaus-misch-uebach-palenberg","mazda-autohaus-misch-uebach-palenberg.png"
8,"mazda-autohaus-blank-dinkelsbuehl","mazda-autohaus-blank-dinkelsbuehl.png"
8,"mazda-autohaus-roessel-birkenau","mazda-autohaus-roessel-birkenau.png"
8,"mazda-autohaus-heider-dresden","mazda-autohaus-heider-dresden.png"
8,"mazda-autohaus-gruendel-doerth","mazda-autohaus-gruendel-doerth.png"
8,"mazda-autohaus-flindt-marschacht","mazda-autohaus-flindt-marschacht.png"
8,"mazda-autohaus-torp-wilhelmshaven","mazda-autohaus-torp-wilhelmshaven.png"
8,"mazda-autohaus-gerhard-figge-waldeck-hoeringhausen","mazda-autohaus-gerhard-figge-waldeck-hoeringhausen.png"
8,"mazda-autohaus-moellenkamp-rheine","mazda-autohaus-moellenkamp-rheine.png"
8,"mazda-autohaus-suedring-datteln","mazda-autohaus-suedring-datteln.png"
8,"mazda-autocentrum-engin-holzminden","mazda-autocentrum-engin-holzminden.png"
8,"mazda-autohaus-berlenbach-bergischgladbach","mazda-autohaus-berlenbach-bergischgladbach.png"
8,"mazda-autohaus-voigtlaender-meyer-hamburg","mazda-autohaus-voigtlaender-meyer-hamburg.png"
8,"mazda-autohaus-bolluck-goslar","mazda-autohaus-bolluck-goslar.png"
8,"mazda-autohaus-becker-homburg-bruchhof","mazda-autohaus-becker-homburg-bruchhof.png"
8,"mazda-autohaus-klein-bietigheim-bissingen","mazda-autohaus-klein-bietigheim-bissingen.png"
8,"mazda-autohaus-hansmann-melsungen","mazda-autohaus-hansmann-melsungen.png"
8,"mazda-autohaus-schindlbeck-straubing","mazda-autohaus-schindlbeck-straubing.png"
8,"mazda-autohaus-thoss-falkenstein","mazda-autohaus-thoss-falkenstein.png"
8,"mazda-autohaus-schneider-sondershausen","mazda-autohaus-schneider-sondershausen.png"
8,"mazda-autohaus-trumpf-wimmelburg","mazda-autohaus-trumpf-wimmelburg.png"
8,"mazda-autopark-rath-krefeld","mazda-autopark-rath-krefeld.png"
8,"mazda-autohaus-ruettiger-wallduern","mazda-autohaus-ruettiger-wallduern.png"
8,"mazda-autohaus-mork-rockenhausen","mazda-autohaus-mork-rockenhausen.png"
8,"mazda-autohaus-sturne-grimma","mazda-autohaus-sturne-grimma.png"
8,"mazda-autohaus-banaszak-wesel","mazda-autohaus-banaszak-wesel.png"
8,"mazda-autohaus-wagner-dortmund","mazda-autohaus-wagner-dortmund.png"
8,"mazda-autohaus-abs-erlangen","mazda-autohaus-abs-erlangen.png"
8,"mazda-autohaus-lackmann-sendenhorst","mazda-autohaus-lackmann-sendenhorst.png"
8,"mazda-autohaus-kalina-gelsenkirchen","mazda-autohaus-kalina-gelsenkirchen.png"
8,"mazda-automobile-maier-cham","mazda-automobile-maier-cham.png"
8,"mazda-autohaus-hansmann-kassel","mazda-autohaus-hansmann-kassel.png"
8,"mazda-autohaus-tabbouch-speyer","mazda-autohaus-tabbouch-speyer.png"
8,"mazda-autohaus-kaschmieder-waren","mazda-autohaus-kaschmieder-waren.png"
8,"mazda-autohaus-w-k-kamen","mazda-autohaus-w-k-kamen.png"
8,"mazda-autohaus-weiss-niedernhausen","mazda-autohaus-weiss-niedernhausen.png"
8,"mazda-autohaus-schwenke-duisburg","mazda-autohaus-schwenke-duisburg.png"
8,"mazda-autohaus-wilk-kaczmarek-schwerin","mazda-autohaus-wilk-kaczmarek-schwerin.png"
8,"mazda-autohaus-wedding-engelskirchen-albertsth","mazda-autohaus-wedding-engelskirchen-albertsth.png"
8,"mazda-autohaus-wassing-ahaus-wuellen","mazda-autohaus-wassing-ahaus-wuellen.png"
8,"mazda-autohaus-kramer-kirchberg","mazda-autohaus-kramer-kirchberg.png"
8,"mazda-autohaus-elstner-jena","mazda-autohaus-elstner-jena.png"
8,"mazda-service-koch-ludwigsfelde","mazda-service-koch-ludwigsfelde.png"
8,"mazda-autohaus-behrens-magdeburg-ottersleben","mazda-autohaus-behrens-magdeburg-ottersleben.png"
8,"mazda-autohaus-mueller-und-thurnes-tholey","mazda-autohaus-mueller-und-thurnes-tholey.png"
8,"mazda-autohaus-dorner-riedlingen","mazda-autohaus-dorner-riedlingen.png"
8,"mazda-autohaus-rottmann-bottrop","mazda-autohaus-rottmann-bottrop.png"
8,"mazda-autohaus-kilger-regen","mazda-autohaus-kilger-regen.png"
8,"mazda-autohaus-hoeffner-clausen","mazda-autohaus-hoeffner-clausen.png"
8,"mazda-autohaus-fritsche-grossschoenau","mazda-autohaus-fritsche-grossschoenau.png"
8,"mazda-autohaus-dohm-horn-bad-meinberg","mazda-autohaus-dohm-horn-bad-meinberg.png"
8,"mazda-autohaus-gollan-hamm","mazda-autohaus-gollan-hamm.png"
8,"mazda-autohaus-wilhelm-huellhorst","mazda-autohaus-wilhelm-huellhorst.png"
8,"mazda-autohaus-lommel-grettstadt","mazda-autohaus-lommel-grettstadt.png"
8,"mazda-autohaus-henn-weilamrhein","mazda-autohaus-henn-weilamrhein.png"
8,"mazda-autohaus-friedmann-steinfeld","mazda-autohaus-friedmann-steinfeld.png"
8,"mazda-autohaus-boehme-lutherstadt-wittenberg","mazda-autohaus-boehme-lutherstadt-wittenberg.png"
8,"mazda-autohaus-bayer-goessweinstein","mazda-autohaus-bayer-goessweinstein.png"
8,"mazda-autohaus-schmidt-oschatz","mazda-autohaus-schmidt-oschatz.png"
8,"mazda-autohaus-hohenfeld-dinslaken","mazda-autohaus-hohenfeld-dinslaken.png"
8,"mazda-autohaus-tillack-perleberg","mazda-autohaus-tillack-perleberg.png"
8,"mazda-autohaus-haese-erkrath-hochdahl","mazda-autohaus-haese-erkrath-hochdahl.png"
8,"mazda-autohaus-wuttke-gummersbach","mazda-autohaus-wuttke-gummersbach.png"
8,"mazda-autohaus-weber-magdeburg","mazda-autohaus-weber-magdeburg.png"
8,"mazda-autohaus-albstadt-auto-domicil-ebingen","mazda-autohaus-albstadt-auto-domicil-ebingen.png"
8,"mazda-autohaus-engelbart-delmenhorst","mazda-autohaus-engelbart-delmenhorst.png"
8,"mazda-automobile-weberpals-sonneberg-hoenbach","mazda-automobile-weberpals-sonneberg-hoenbach.png"
8,"mazda-autohaus-brutschin-lenzkirch","mazda-autohaus-brutschin-lenzkirch.png"
8,"mazda-autohaus-ludwig-halle-neustadt","mazda-autohaus-ludwig-halle-neustadt.png"
8,"mazda-autohaus-hamester-hamburg-bergedorf","mazda-autohaus-hamester-hamburg-bergedorf.png"
8,"mazda-autohaus-tietje-holmb-wedel","mazda-autohaus-tietje-holmb-wedel.png"
8,"mazda-autohaus-banaszak-kleve","mazda-autohaus-banaszak-kleve.png"
8,"mazda-autohaus-doerenkaemper-bad-hersfeld","mazda-autohaus-doerenkaemper-bad-hersfeld.png"
8,"mazda-autohaus-kopke-bendel-marl","mazda-autohaus-kopke-bendel-marl.png"
8,"mazda-autohaus-roeser-grossmaischeid","mazda-autohaus-roeser-grossmaischeid.png"
8,"mazda-autohaus-schmidt-meschede","mazda-autohaus-schmidt-meschede.png"
8,"mazda-autohaus-richter-forst","mazda-autohaus-richter-forst.png"
8,"mazda-autohaus-buelo-naumburg","mazda-autohaus-buelo-naumburg.png"
8,"mazda-autohaus-hellwig-hoyerswerda","mazda-autohaus-hellwig-hoyerswerda.png"
8,"mazda-autohaus-witthoeft-bad-oldesloe","mazda-autohaus-witthoeft-bad-oldesloe.png"
8,"mazda-autohaus-schindlbeck-schwandorf","mazda-autohaus-schindlbeck-schwandorf.png"
8,"mazda-autohaus-lehmann-senftenberg","mazda-autohaus-lehmann-senftenberg.png"
8,"mazda-autohaus-dittrich-genthin-huettermuehle","mazda-autohaus-dittrich-genthin-huettermuehle.png"
8,"mazda-autohaus-born-ludwigslust","mazda-autohaus-born-ludwigslust.png"
8,"mazda-autohaus-rausch-dresden","mazda-autohaus-rausch-dresden.png"
8,"mazda-autohaus-schmidt-grossenhain","mazda-autohaus-schmidt-grossenhain.png"
8,"mazda-autohaus-ahb-gotha","mazda-autohaus-ahb-gotha.png"
8,"mazda-service-metz-marne","mazda-service-metz-marne.png"
8,"mazda-autohaus-ehrlich-aschaffenburg","mazda-autohaus-ehrlich-aschaffenburg.png"
8,"mazda-autohaus-stiefel-muehlacker","mazda-autohaus-stiefel-muehlacker.png"
8,"mazda-autohaus-mueller-plauen","mazda-autohaus-mueller-plauen.png"
8,"mazda-autohaus-stoelzel-doehlau","mazda-autohaus-stoelzel-doehlau.png"
8,"mazda-autohaus-sturne-rochlitz","mazda-autohaus-sturne-rochlitz.png"
8,"mazda-autohaus-goedde-meschede","mazda-autohaus-goedde-meschede.png"
8,"mazda-autohaus-haeusler-fuerstenfeldbruck","mazda-autohaus-haeusler-fuerstenfeldbruck.png"
8,"mazda-autohaus-eisele-langenau","mazda-autohaus-eisele-langenau.png"
8,"mazda-autohaus-ubben-aurich","mazda-autohaus-ubben-aurich.png"
8,"mazda-autohaus-lohmann-kreuztal","mazda-autohaus-lohmann-kreuztal.png"
8,"mazda-autohaus-grasdanner-holzkirchen","mazda-autohaus-grasdanner-holzkirchen.png"
8,"mazda-autohaus-albers-doerpen","mazda-autohaus-albers-doerpen.png"
8,"mazda-autohaus-lotspeich-muenchen","mazda-autohaus-lotspeich-muenchen.png"
9,"venturelightingme","venturelightingme.png"
10,"mercyships","mercyships.png"
11,"foxinaboxbrisbane","foxinaboxbrisbane.png"
11,"foxinaboxzutphen","foxinaboxzutphen.png"
11,"foxinaboxgoldcoast","foxinaboxgoldcoast.png"
11,"foxinaboxmiami","foxinaboxmiami.png"
11,"foxinabox","foxinabox.png"
11,"foxinaboxgraz","foxinaboxgraz.png"
12,"mazdanorkar","mazdanorkar.png"
13,"mazda-uae","mazda-uae.png"
13,"mazda","mazda.png"
14,"lindegas","lindegas.png"
14,"lindesaude","lindesaude.png"
14,"linde","linde.png"
14,"linde-electronics","linde-electronics.png"
14,"linde-medica","linde-medica.png"
14,"linde-gas","linde-gas.png"
14,"linde-amt","linde-amt.png"
14,"linde-healthcare","linde-healthcare.png"
15,"renault","renault.png"
16,"dairyqueenobx","dairyqueenobx.png"
17,"duracleanservices","duracleanservices.png"
17,"duracleanservicebybob","duracleanservicebybob.png"
17,"duracleanrestoration","duracleanrestoration.png"
17,"duracleancarpet","duracleancarpet.png"
17,"duracleanmaine","duracleanmaine.png"
17,"duraclean","duraclean.png"
18,"aamcooflascruces","aamcooflascruces.png"
19,"gs1my","gs1my.png"
19,"gs1al","gs1al.png"
19,"gs1tn","gs1tn.png"
19,"gs1bg","gs1bg.png"
19,"gs1sk","gs1sk.png"
19,"gs1hu","gs1hu.png"
19,"gs1ec","gs1ec.png"
19,"gs1hr","gs1hr.png"
20,"greatplacetowork","greatplacetowork.png"
21,"techtel","techtel.png"
22,"pearsonactivelearn","pearsonactivelearn.png"
23,"plameco","plameco.png"
23,"plameco-baer","plameco-baer.png"
23,"plameco-rheinsieg","plameco-rheinsieg.png"
24,"crocs","crocs.png"
25,"pamline","pamline.png"
25,"isic","isic.png"
26,"esseskincare","esseskincare.png"
27,"trulynolenpiaui","trulynolenpiaui.png"
27,"trulynolengoias","trulynolengoias.png"
27,"trulynolenparaiba","trulynolenparaiba.png"
27,"trulynolenalagoas","trulynolenalagoas.png"
27,"trulynolenbarueri","trulynolenbarueri.png"
27,"trulynolenrecife","trulynolenrecife.png"
27,"trulynolencampogrande","trulynolencampogrande.png"
28,"wheystore","wheystore.png"
29,"tryg","tryg.png"
30,"logicvapes","logicvapes.png"
31,"co","co.png"
32,"ymcasteuben","ymcasteuben.png"
32,"ymcatriangle","ymcatriangle.png"
32,"ymcatoledo","ymcatoledo.png"
32,"ymcachicago","ymcachicago.png"
32,"ymca-ywca","ymca-ywca.png"
32,"ymcawaycross","ymcawaycross.png"
32,"ymcaup","ymcaup.png"
32,"ymcaswv","ymcaswv.png"
33,"toyotafocsani","toyotafocsani.png"
33,"toyotabacau","toyotabacau.png"
34,"secureparkingusa","secureparkingusa.png"
35,"desjoyauxgh","desjoyauxgh.png"
36,"jdimmigration","jdimmigration.png"
37,"portadoors","portadoors.png"
38,"catsprotectionshop","catsprotectionshop.png"
39,"spitex-rothenburg","spitex-rothenburg.png"
39,"spitex-wiggertal","spitex-wiggertal.png"
39,"spitexlauchetal","spitexlauchetal.png"
39,"spitexlueg","spitexlueg.png"
39,"spitex-see-lac","spitex-see-lac.png"
39,"spitex-freiamt","spitex-freiamt.png"
39,"spitex-romanshorn","spitex-romanshorn.png"
39,"spitexkempt","spitexkempt.png"
39,"spitex-wasseramt","spitex-wasseramt.png"
39,"spitexgraenichen","spitexgraenichen.png"
39,"spitex","spitex.png"
39,"spitex-oberthurgau","spitex-oberthurgau.png"
39,"spitex-region-kreuzlingen","spitex-region-kreuzlingen.png"
39,"spitex-regionbirs","spitex-regionbirs.png"
39,"spitextg","spitextg.png"
39,"spitex-imboden","spitex-imboden.png"
39,"spitexampuls","spitexampuls.png"
39,"spitex-steinmaur-neerach","spitex-steinmaur-neerach.png"
39,"spitex-wyland","spitex-wyland.png"
39,"spitexzh","spitexzh.png"
39,"spitex-appenzellerland","spitex-appenzellerland.png"
39,"spitexsense","spitexsense.png"
39,"spitex-bodensee","spitex-bodensee.png"
39,"spitex-linth","spitex-linth.png"
39,"spitex-muellheim","spitex-muellheim.png"
39,"spitexniesen","spitexniesen.png"
39,"spitexaadorf","spitexaadorf.png"
39,"spitex-gersau","spitex-gersau.png"
39,"spitex-region-stockhorn","spitex-region-stockhorn.png"
39,"spitex-oberfreiamt","spitex-oberfreiamt.png"
39,"spitex-gaeu","spitex-gaeu.png"
39,"spitexrontalplus","spitexrontalplus.png"
39,"spitexbuchs","spitexbuchs.png"
39,"spitexmuri","spitexmuri.png"
39,"spitexow","spitexow.png"
39,"spitexzug","spitexzug.png"
39,"spitexrl","spitexrl.png"
39,"spitex-grauholz","spitex-grauholz.png"
39,"spitex-wuerenlos","spitex-wuerenlos.png"
39,"spitex-regiokirchspiel","spitex-regiokirchspiel.png"
39,"spitex-zimmerberg","spitex-zimmerberg.png"
39,"spitex-meggen","spitex-meggen.png"
39,"spitexgossau","spitexgossau.png"
39,"spitex-trevalli","spitex-trevalli.png"
39,"spitex-waedenswil","spitex-waedenswil.png"
39,"spitex-regiowittenbach","spitex-regiowittenbach.png"
39,"spitexgaiserwald","spitexgaiserwald.png"
39,"spitexkaiseraugst","spitexkaiseraugst.png"
39,"spitex-region-zofingen","spitex-region-zofingen.png"
39,"spitex-emmen","spitex-emmen.png"
39,"spitexstaefa","spitexstaefa.png"
39,"spitex-hoefe","spitex-hoefe.png"
40,"gilesnissanopelousas","gilesnissanopelousas.png"
41,"kapanfastigheter","kapanfastigheter.png"
41,"meggle-group","meggle-group.png"
41,"airbnb","airbnb.png"
41,"avisng","avisng.png"
41,"meggle-bakery","meggle-bakery.png"
41,"ebay","ebay.png"
41,"kiacadca","kiacadca.png"
42,"crif","crif.png"
43,"overheaddooraz","overheaddooraz.png"
43,"overheaddoorofterrehaute","overheaddoorofterrehaute.png"
43,"overheaddoorbrookfield","overheaddoorbrookfield.png"
43,"overheaddoorcompanyjackson","overheaddoorcompanyjackson.png"
43,"overheaddoormankato","overheaddoormankato.png"
43,"overheaddoorriverton","overheaddoorriverton.png"
43,"overheaddoorkalamazoo","overheaddoorkalamazoo.png"
43,"overheaddoorfayetteville","overheaddoorfayetteville.png"
43,"overheaddoorsrichmond","overheaddoorsrichmond.png"
44,"bimedasuramerica","bimedasuramerica.png"
44,"bimedacanada","bimedacanada.png"
45,"astrazeneca","astrazeneca.png"
46,"ford","ford.png"
47,"salvationarmyflorida","salvationarmyflorida.png"
47,"salvationarmyconcordca","salvationarmyconcordca.png"
48,"cinnabon","cinnabon.png"
48,"cinnabon-ksa","cinnabon-ksa.png"
48,"cinnabon-egypt","cinnabon-egypt.png"
48,"cinnabonrussia","cinnabonrussia.png"
49,"pkfjnd","pkfjnd.png"
49,"pkfboi","pkfboi.png"
49,"pkfgf","pkfgf.png"
49,"pkf","pkf.png"
49,"pkf-fwa","pkf-fwa.png"
49,"pkffinconta","pkffinconta.png"
49,"pkflesotho","pkflesotho.png"
49,"pkfmalta","pkfmalta.png"
49,"pkfcs","pkfcs.png"
49,"pkfve","pkfve.png"
49,"pkfcr","pkfcr.png"
49,"pkf-dominicana","pkf-dominicana.png"
49,"pkfboston","pkfboston.png"
49,"pkf-central-america","pkf-central-america.png"
49,"pkfsingapore","pkfsingapore.png"
49,"pkfea","pkfea.png"
49,"pkfuae","pkfuae.png"
49,"pkf-hk","pkf-hk.png"
50,"avia-ramonville","avia-ramonville.png"
51,"ymcatrivalley","ymcatrivalley.png"
51,"takeda","takeda.png"
51,"takedaoncology","takedaoncology.png"
52,"tributek","tributek.png"
53,"spg-motoren","spg-motoren.png"
54,"nissanoflebanonnh","nissanoflebanonnh.png"
54,"nissanattheavenues","nissanattheavenues.png"
54,"nissanmiddletownny","nissanmiddletownny.png"
55,"cvjm-gomaringen","cvjm-gomaringen.png"
55,"cvjm-nuembrecht","cvjm-nuembrecht.png"
55,"cvjm-hemer","cvjm-hemer.png"
56,"mitsubishielectric","mitsubishielectric.png"
56,"mitsubishielectric-printing","mitsubishielectric-printing.png"
56,"mitsubishielevator","mitsubishielevator.png"
57,"peach","peach.png"
58,"toyota-innviertel","toyota-innviertel.png"
58,"toyota-ulrichshofer","toyota-ulrichshofer.png"
58,"toyota-handler","toyota-handler.png"
58,"toyota-bauer","toyota-bauer.png"
59,"linexps","linexps.png"
59,"linexswfl","linexswfl.png"
59,"linexofmacon","linexofmacon.png"
60,"amnesty","amnesty.png"
61,"ekartlogistics","ekartlogistics.png"
62,"duluxarabia","duluxarabia.png"
62,"dulux","dulux.png"
63,"orbico","orbico.png"
64,"viessmann","viessmann.png"
65,"orient-food","orient-food.png"
66,"allianzlifechanger","allianzlifechanger.png"
66,"wuerthmarket","wuerthmarket.png"
66,"kantar","kantar.png"
66,"maxus-norddeutschland","maxus-norddeutschland.png"
67,"dilmahtea","dilmahtea.png"
68,"drekopf-kanalservice","drekopf-kanalservice.png"
69,"medicover","medicover.png"
70,"adeccogroupfoundationus","adeccogroupfoundationus.png"
71,"tenneco","tenneco.png"
72,"rsmpoland","rsmpoland.png"
72,"rsmcanada","rsmcanada.png"
72,"rsm","rsm.png"
73,"pingusenglishbd","pingusenglishbd.png"
73,"pingusenglish","pingusenglish.png"
74,"svndesertcommercial","svndesertcommercial.png"
74,"svnchicagopm","svnchicagopm.png"
74,"svntrinity","svntrinity.png"
74,"svnprovidence","svnprovidence.png"
74,"svnahia","svnahia.png"
74,"svncredit","svncredit.png"
74,"svnefird","svnefird.png"
75,"avis","avis.png"
75,"avis-tahiti","avis-tahiti.png"
76,"getscsadmin","getscsadmin.png"
77,"ardexbuildingproducts","ardexbuildingproducts.png"
77,"ardex","ardex.png"
77,"ardexamericas","ardexamericas.png"
78,"toyotaquezonavenue","toyotaquezonavenue.png"
78,"toyotapasongtamo","toyotapasongtamo.png"
79,"mffshopen","mffshopen.png"
80,"aamcoredlandsca","aamcoredlandsca.png"
81,"julis-bayern","julis-bayern.png"
81,"julis-nuernberg","julis-nuernberg.png"
81,"julis-sh","julis-sh.png"
81,"julis-rhein-berg","julis-rhein-berg.png"
81,"julis-mfr","julis-mfr.png"
81,"julis-sachsenanhalt","julis-sachsenanhalt.png"
82,"arkaybeverages","arkaybeverages.png"
82,"nexigroup","nexigroup.png"
82,"engie-africa","engie-africa.png"
82,"victorsport","victorsport.png"
83,"engieindia","engieindia.png"
83,"ophitusa","ophitusa.png"
83,"kumon","kumon.png"
83,"terradat","terradat.png"
83,"tracybookshop","tracybookshop.png"
83,"albatroslogistic","albatroslogistic.png"
83,"strabag-pfs","strabag-pfs.png"
83,"cvjm-muensingen","cvjm-muensingen.png"
84,"hyundai","hyundai.png"
85,"protectourwinters","protectourwinters.png"
86,"nexi","nexi.png"
87,"educab","educab.png"
88,"ptsv-hof-minigolf","ptsv-hof-minigolf.png"
89,"nikonclub","nikonclub.png"
89,"nikonlenswear","nikonlenswear.png"
89,"nikon","nikon.png"
89,"nikon-mea","nikon-mea.png"
89,"nikonmetro1stg","nikonmetro1stg.png"
89,"nikonimgsupport","nikonimgsupport.png"
90,"toyota-indus","toyota-indus.png"
90,"toyotaalbay","toyotaalbay.png"
91,"engie-energia","engie-energia.png"
92,"howdenre","howdenre.png"
92,"howdenoze","howdenoze.png"
92,"howdenagents","howdenagents.png"
92,"howdengroupholdings","howdengroupholdings.png"
93,"cleijsen","cleijsen.png"
94,"filatime","filatime.png"
95,"bakertillycentralafrica","bakertillycentralafrica.png"
95,"bakertillylb","bakertillylb.png"
95,"bakertilly","bakertilly.png"
95,"bakertillysek","bakertillysek.png"
95,"bakertillygh","bakertillygh.png"
95,"bakertillymapema","bakertillymapema.png"
95,"bakertillyeg","bakertillyeg.png"
95,"bakertilly-ca","bakertilly-ca.png"
96,"cdljatai","cdljatai.png"
96,"cdlniteroi","cdlniteroi.png"
96,"cdlcampina","cdlcampina.png"
96,"cdlvitoria","cdlvitoria.png"
96,"cdltresrios","cdltresrios.png"
97,"bauer-egypt","bauer-egypt.png"
98,"peugeot","peugeot.png"
99,"fosterfarmsfoodservice","fosterfarmsfoodservice.png"
100,"axabreakdown","axabreakdown.png"
100,"axa-assistance","axa-assistance.png"
100,"axa","axa.png"
101,"bosch-wohnungsgesellschaft","bosch-wohnungsgesellschaft.png"
101,"bosch-industry-consulting","bosch-industry-consulting.png"
102,"aireonepeel","aireonepeel.png"
103,"hertz-autopozicovna","hertz-autopozicovna.png"
103,"hertz-autopujcovna","hertz-autopujcovna.png"
104,"ymca-cnw","ymca-cnw.png"
105,"de-heus","de-heus.png"
105,"habitatmichigan","habitatmichigan.png"
105,"fft-ps","fft-ps.png"
105,"vendhq","vendhq.png"
105,"patheon","patheon.png"
106,"vans","vans.png"
107,"mcdonalds","mcdonalds.png"
107,"mcdonalds-hh","mcdonalds-hh.png"
108,"nepaltrust","nepaltrust.png"
109,"job-impulse","job-impulse.png"
110,"avia","avia.png"
111,"altengt","altengt.png"
111,"alten-consulting","alten-consulting.png"
111,"alten","alten.png"
111,"altenromania","altenromania.png"
112,"dicetek","dicetek.png"
113,"salvationarmyeet","salvationarmyeet.png"
114,"spie-wirliebenkabel","spie-wirliebenkabel.png"
114,"spie-energotest","spie-energotest.png"
114,"spiegse","spiegse.png"
114,"spie","spie.png"
114,"lueck-gruppe","lueck-gruppe.png"
115,"aviabienert","aviabienert.png"
115,"avia-unimot","avia-unimot.png"
115,"aviapolska","aviapolska.png"
115,"avia-belgomine","avia-belgomine.png"
116,"altenusa","altenusa.png"
117,"bosch-homecomfortgroup","bosch-homecomfortgroup.png"
118,"tescomobile","tescomobile.png"
119,"allianzportugal","allianzportugal.png"
120,"subaruvilnius","subaruvilnius.png"
120,"subaru","subaru.png"
121,"mitsubishi-motors","mitsubishi-motors.png"
122,"besins-healthcare","besins-healthcare.png"
123,"cafelasmargaritas","cafelasmargaritas.png"
124,"logmaxbr","logmaxbr.png"
125,"remax-lueneburg","remax-lueneburg.png"
125,"remax-buchholz","remax-buchholz.png"
126,"zenithplasticsurgery","zenithplasticsurgery.png"
126,"franzcollection","franzcollection.png"
126,"allianz-assistance","allianz-assistance.png"
127,"titancontainers","titancontainers.png"
128,"unglobalcompactghana","unglobalcompactghana.png"
129,"synergiejobs","synergiejobs.png"
129,"synergie","synergie.png"
130,"davesmithfordonline","davesmithfordonline.png"
130,"starbucks","starbucks.png"
131,"kuestarubber","kuestarubber.png"
131,"bauermedia","bauermedia.png"
132,"abc-autoglas","abc-autoglas.png"
133,"colorflexpackaging","colorflexpackaging.png"
134,"moorestoke","moorestoke.png"
135,"urmet","urmet.png"
136,"cvjm-muenchberg","cvjm-muenchberg.png"
136,"cvjm-dettingen","cvjm-dettingen.png"
137,"medef-seine-estuaire","medef-seine-estuaire.png"
137,"medef-corse","medef-corse.png"
137,"medef41","medef41.png"
137,"medefloire","medefloire.png"
137,"medef-vendee","medef-vendee.png"
137,"medef-htcis","medef-htcis.png"
137,"medef71","medef71.png"
137,"medef-dromeardeche","medef-dromeardeche.png"
137,"medef-aura","medef-aura.png"
137,"medef-alsace","medef-alsace.png"
137,"medef-ain","medef-ain.png"
137,"medef-seineetmarne","medef-seineetmarne.png"
138,"kia-crimea","kia-crimea.png"
138,"kia-autoprodix","kia-autoprodix.png"
139,"castsoftware","castsoftware.png"
140,"dopplerumbrellas","dopplerumbrellas.png"
141,"ccusa","ccusa.png"
142,"inhuntworld","inhuntworld.png"
143,"lamborghini-zh","lamborghini-zh.png"
144,"renault-materom","renault-materom.png"
145,"demeter","demeter.png"
145,"demeter-bw","demeter-bw.png"
145,"demeterschmid","demeterschmid.png"
145,"demeter-im-norden","demeter-im-norden.png"
145,"demeter-im-westen","demeter-im-westen.png"
146,"minisocr","minisocr.png"
146,"lamborghini-rotterdam","lamborghini-rotterdam.png"
147,"gulfoil","gulfoil.png"
147,"europe","europe.png"
147,"gulfsverige","gulfsverige.png"
147,"gulfoilltd","gulfoilltd.png"
147,"gulfoilchina","gulfoilchina.png"
147,"gulf-japan","gulf-japan.png"
147,"gulf","gulf.png"
147,"gulfcombustibles","gulfcombustibles.png"
148,"linde-gaz","linde-gaz.png"
149,"alchemia-nova","alchemia-nova.png"
150,"lidl-immobilien","lidl-immobilien.png"
151,"bauder","bauder.png"
152,"regalsprings","regalsprings.png"
153,"cvjm-pfalz","cvjm-pfalz.png"
153,"cvjm-augsburg","cvjm-augsburg.png"
154,"meniconamerica","meniconamerica.png"
154,"menicon","menicon.png"
155,"meggle-cheese","meggle-cheese.png"
156,"indiancancersocietybangalore","indiancancersocietybangalore.png"
157,"astreitalia","astreitalia.png"
158,"digi-intl","digi-intl.png"
159,"melgarcases","melgarcases.png"
160,"engie-ecserwis","engie-ecserwis.png"
160,"engie","engie.png"
160,"engieresources","engieresources.png"
160,"engiemiddleeast","engiemiddleeast.png"
161,"hsusports","hsusports.png"
162,"habitatvietnam","habitatvietnam.png"
162,"habitatstl","habitatstl.png"
162,"habitatcoosavalley","habitatcoosavalley.png"
162,"habitatns","habitatns.png"
162,"habitat","habitat.png"
163,"disneychannel","disneychannel.png"
163,"babble","babble.png"
164,"clarksonhyde","clarksonhyde.png"
165,"tapflo","tapflo.png"
166,"brother-slovakia","brother-slovakia.png"
166,"brother","brother.png"
166,"brother-industrial","brother-industrial.png"
167,"indianmotorcyclesturgis","indianmotorcyclesturgis.png"
168,"lamborghinisarasota","lamborghinisarasota.png"
169,"rcchurch","rcchurch.png"
170,"svnvanguardla","svnvanguardla.png"
171,"renault-tessenderlo","renault-tessenderlo.png"
171,"renaultvercammen","renaultvercammen.png"
171,"renault-fama","renault-fama.png"
172,"thegoodlobby","thegoodlobby.png"
173,"lidl","lidl.png"
174,"luxaflexproject-scandinavia","luxaflexproject-scandinavia.png"
175,"ubicast","ubicast.png"
176,"giacomini","giacomini.png"
177,"misterwhat-au","misterwhat-au.png"
177,"heliosstrategia","heliosstrategia.png"
178,"vbh","vbh.png"
179,"rsmuk","rsmuk.png"
180,"tbwazim","tbwazim.png"
180,"tbwa","tbwa.png"
180,"tbwa-entelia","tbwa-entelia.png"
181,"naturesrewardcoloredcauliflower","naturesrewardcoloredcauliflower.png"
182,"bestrucksofmn","bestrucksofmn.png"
183,"jysk","jysk.png"
184,"europcar","europcar.png"
185,"isover","isover.png"
185,"amway","amway.png"
186,"oil-testing","oil-testing.png"
187,"plameco-bonn","plameco-bonn.png"
188,"spitex-aarenord","spitex-aarenord.png"
188,"spitex-rotbachtal","spitex-rotbachtal.png"
189,"aamco","aamco.png"
190,"avonworldwide","avonworldwide.png"
191,"rubiomonocoatusa","rubiomonocoatusa.png"
192,"vivaconagua","vivaconagua.png"
193,"desjoyaux","desjoyaux.png"
194,"dfsk","dfsk.png"
195,"muvpropiedades","muvpropiedades.png"
196,"norauto","norauto.png"
197,"linak","linak.png"
197,"linak-latinamerica","linak-latinamerica.png"
198,"steelhousegroup","steelhousegroup.png"
199,"adra","adra.png"
200,"shahshalalfood","shahshalalfood.png"
201,"remax","remax.png"
202,"compo","compo.png"
202,"compo-group","compo-group.png"
202,"compo-hobby","compo-hobby.png"
203,"suttontools","suttontools.png"
204,"modern-heads","modern-heads.png"
205,"buffalotours","buffalotours.png"
206,"microsoft","microsoft.png"
207,"selgen","selgen.png"
208,"cuponesybeneficios","cuponesybeneficios.png"
209,"hondabintang","hondabintang.png"
210,"berlitzmanchester","berlitzmanchester.png"
210,"berlitzph","berlitzph.png"
210,"berlitz-bahrain","berlitz-bahrain.png"
210,"berlitz-augsburg","berlitz-augsburg.png"
210,"berlitzhautsdefrance","berlitzhautsdefrance.png"
211,"engenmauritius","engenmauritius.png"
212,"fattalhotelgroup","fattalhotelgroup.png"
213,"ikea","ikea.png"
214,"remax-emblema","remax-emblema.png"
215,"ecaas","ecaas.png"
216,"toyota","toyota.png"
217,"heydudeshoes","heydudeshoes.png"
218,"tridentseafoods","tridentseafoods.png"
219,"bioderma-sk","bioderma-sk.png"
219,"toupret","toupret.png"
219,"gs1","gs1.png"
220,"takab","takab.png"
221,"edf-re","edf-re.png"
222,"novonordisk","novonordisk.png"
223,"taylorfarmsdeli","taylorfarmsdeli.png"
224,"subaru-bd","subaru-bd.png"
225,"lamannamovingny","lamannamovingny.png"
226,"biolchim","biolchim.png"
227,"toolstationjobs","toolstationjobs.png"
228,"miniso","miniso.png"
228,"miniso-home","miniso-home.png"
228,"minisouruguay","minisouruguay.png"
228,"minisoindia","minisoindia.png"
229,"movingstarsinc","movingstarsinc.png"
230,"veka","veka.png"
231,"sealy","sealy.png"
232,"mtn","mtn.png"
233,"sto-ukraine","sto-ukraine.png"
234,"smittysmb","smittysmb.png"
235,"glamsmile","glamsmile.png"
236,"orange","orange.png"
237,"linexcoloradosprings","linexcoloradosprings.png"
238,"meggle-foodingredients","meggle-foodingredients.png"
238,"meggle","meggle.png"
239,"remaxcrystal","remaxcrystal.png"
240,"skolae-training","skolae-training.png"
241,"humanasecondhand","humanasecondhand.png"
242,"pmcorp","pmcorp.png"
243,"hertz-tilburg","hertz-tilburg.png"
243,"hertzhn","hertzhn.png"
243,"hertz","hertz.png"
244,"mazdabali","mazdabali.png"
244,"mazda-angola-autozuid","mazda-angola-autozuid.png"
244,"mazda-bcrmotors","mazda-bcrmotors.png"
245,"nerdsonsite","nerdsonsite.png"
246,"renaultrycauto","renaultrycauto.png"
246,"renault-tortosa","renault-tortosa.png"
246,"renaultchiva","renaultchiva.png"
247,"pacificinfotech","pacificinfotech.png"
248,"techcommunity","techcommunity.png"
249,"leroymerlin","leroymerlin.png"
250,"pirtek","pirtek.png"
251,"wurthsaudi","wurthsaudi.png"
252,"flesan","flesan.png"
253,"pkfcaribbean","pkfcaribbean.png"
254,"subarutijuana","subarutijuana.png"
255,"allianzim","allianzim.png"
256,"lamborghini-cannes","lamborghini-cannes.png"
256,"lamborghini-stuttgart","lamborghini-stuttgart.png"
257,"renaultselection","renaultselection.png"
258,"santanderconsumer","santanderconsumer.png"
259,"julis-stuttgart","julis-stuttgart.png"
259,"julis-bremen","julis-bremen.png"
260,"aonassurances","aonassurances.png"
260,"aon","aon.png"
261,"mazdaofmidland","mazdaofmidland.png"
262,"demetercs","demetercs.png"
263,"nordichealthpartner","nordichealthpartner.png"
263,"internationalsos","internationalsos.png"
264,"wwfcz","wwfcz.png"
264,"wwfchina","wwfchina.png"
264,"wwf","wwf.png"
265,"neonext","neonext.png"
266,"willhaben","willhaben.png"
267,"lamborghini-frankfurt","lamborghini-frankfurt.png"
267,"lamborghini-berlin","lamborghini-berlin.png"
268,"salvationarmy","salvationarmy.png"
269,"oilfieldequipments","oilfieldequipments.png"
270,"lidl-giftcard","lidl-giftcard.png"
271,"avon","avon.png"
272,"jollibee","jollibee.png"
273,"shelterstation","shelterstation.png"
274,"dysartsservicecenter","dysartsservicecenter.png"
275,"reedglobal","reedglobal.png"
276,"harigmfg","harigmfg.png"
277,"ovb","ovb.png"
278,"mazdademagog","mazdademagog.png"
279,"sprachschule-aktiv-basel","sprachschule-aktiv-basel.png"
280,"eu","eu.png"
281,"ardex-france","ardex-france.png"
282,"toshiba-water","toshiba-water.png"
282,"entergy-nuclear","entergy-nuclear.png"
283,"cdu-aldenhoven","cdu-aldenhoven.png"
284,"miniso-au","miniso-au.png"
285,"inbeat","inbeat.png"
286,"msmode","msmode.png"
287,"kesz","kesz.png"
288,"islprgac","islprgac.png"
289,"cedstone","cedstone.png"
290,"renaultsanzhispano","renaultsanzhispano.png"
291,"cdljovem","cdljovem.png"
292,"kawasaki-magdeburg","kawasaki-magdeburg.png"
292,"kawasaki-seufert","kawasaki-seufert.png"
292,"kawasaki-herzog","kawasaki-herzog.png"
292,"kawasaki-center-koeln","kawasaki-center-koeln.png"
293,"toyotaploiesti","toyotaploiesti.png"
294,"le-tech","le-tech.png"
295,"cdlbarreiras","cdlbarreiras.png"
296,"spp","spp.png"
297,"edenred","edenred.png"
298,"pkfkerikeri","pkfkerikeri.png"
299,"asieris","asieris.png"
300,"hometowninsurance","hometowninsurance.png"
301,"pixibeauty","pixibeauty.png"
302,"fordmediacenter","fordmediacenter.png"
303,"roca","roca.png"
304,"berlitznouvelleaquitaine","berlitznouvelleaquitaine.png"
305,"nutrienagsolutions","nutrienagsolutions.png"
306,"mazdalanka","mazdalanka.png"
307,"tevamexico","tevamexico.png"
308,"edenredrewards","edenredrewards.png"
309,"hennessyfunds","hennessyfunds.png"
310,"diamond","diamond.png"
311,"hondatygerberg","hondatygerberg.png"
312,"landi","landi.png"
313,"lunarclient","lunarclient.png"
314,"chicco","chicco.png"
315,"nissanmanufacturing","nissanmanufacturing.png"
316,"toyota-evreux","toyota-evreux.png"
316,"toyota-rambouillet","toyota-rambouillet.png"
317,"intertongn","intertongn.png"
318,"rsmrecruitment","rsmrecruitment.png"
319,"stampinup","stampinup.png"
320,"gs1lt","gs1lt.png"
321,"goliathgames","goliathgames.png"
322,"mazdadesherbrooke","mazdadesherbrooke.png"
323,"iba-protontherapy","iba-protontherapy.png"
324,"desjoyauxcreuse","desjoyauxcreuse.png"
325,"spitex-flawil-degersheim","spitex-flawil-degersheim.png"
326,"evolk","evolk.png"
327,"xwiftracingevents","xwiftracingevents.png"
328,"linex","linex.png"
329,"ecotec-usa","ecotec-usa.png"
330,"malerasstockholm","malerasstockholm.png"
331,"yonyou","yonyou.png"
332,"tensar","tensar.png"
333,"hsbc","hsbc.png"
334,"rocatiles","rocatiles.png"
335,"kiacowansville","kiacowansville.png"
336,"trisa","trisa.png"
337,"seats2meetstationdenbosch","seats2meetstationdenbosch.png"
338,"leekeswindows","leekeswindows.png"
339,"gwaliasweets","gwaliasweets.png"
340,"skybusiness","skybusiness.png"
341,"kierpensions","kierpensions.png"
342,"landermitsubishi","landermitsubishi.png"
343,"stocanada","stocanada.png"
344,"berlitz","berlitz.png"
345,"kiairaqnim","kiairaqnim.png"
346,"thelab","thelab.png"
347,"tts-group","tts-group.png"
348,"sitechdo","sitechdo.png"
349,"eftech-international","eftech-international.png"
350,"murrelektronik","murrelektronik.png"
351,"richs","richs.png"
352,"faacentrancesolutions","faacentrancesolutions.png"
353,"durableonline","durableonline.png"
354,"lightspeedhq","lightspeedhq.png"
355,"msig-asia","msig-asia.png"
356,"cpi-print","cpi-print.png"
357,"pefc","pefc.png"
358,"kalyanmachines","kalyanmachines.png"
359,"martinavenueshops","martinavenueshops.png"
360,"vbhtrgovina","vbhtrgovina.png"
361,"snapologyfranchising","snapologyfranchising.png"
362,"monster","monster.png"
363,"amnestyghana","amnestyghana.png"
364,"nissantireadvantage","nissantireadvantage.png"
365,"chauffeurstelefoon","chauffeurstelefoon.png"
366,"lyspoland","lyspoland.png"
367,"trulynolennatal","trulynolennatal.png"
368,"bimedaus","bimedaus.png"
369,"icafalinmobiliaria","icafalinmobiliaria.png"
370,"habitativ","habitativ.png"
371,"apolloclinicguwahati","apolloclinicguwahati.png"
372,"lidl-ni","lidl-ni.png"
373,"cyclecarriage","cyclecarriage.png"
374,"gs1mt","gs1mt.png"
375,"lcvesta","lcvesta.png"
376,"ohb-system","ohb-system.png"
377,"niproaustralia","niproaustralia.png"
378,"srpb2b","srpb2b.png"
379,"sephora","sephora.png"
380,"pkfthailand","pkfthailand.png"
381,"julis-muenchen","julis-muenchen.png"
382,"ymcasf","ymcasf.png"
383,"renaulttersa","renaulttersa.png"
