"Group_ID","URL_Key","Image_Filename"
0,"mazda-warszawa-odyssey","mazda-warszawa-odyssey.png"
0,"mazda-sosnowiec-mirai","mazda-sosnowiec-mirai.png"
0,"mazda-bielskobiala-autogazda","mazda-bielskobiala-autogazda.png"
0,"mazda-warszawa-bemomotors","mazda-warszawa-bemomotors.png"
0,"mazda-wroclaw-jaremko","mazda-wroclaw-jaremko.png"
0,"mazda-warszawa-nivette","mazda-warszawa-nivette.png"
0,"mazda-wroclaw-wrobel","mazda-wroclaw-wrobel.png"
0,"mazda-lodz-matsuoka","mazda-lodz-matsuoka.png"
0,"mazda-poznan-voyager","mazda-poznan-voyager.png"
0,"mazda-bytom-mirai","mazda-bytom-mirai.png"
0,"mazda-rzeszow-czach","mazda-rzeszow-czach.png"
1,"kia-mouscron","kia-mouscron.png"
2,"panpuri","panpuri.png"
3,"andersonnegele","andersonnegele.png"
4,"tanameracoffee","tanameracoffee.png"
5,"bluecardagency","bluecardagency.png"
6,"aamcoanaheim","aamcoanaheim.png"
6,"aamcocarync","aamcocarync.png"
6,"aamcowoodstock-mainst","aamcowoodstock-mainst.png"
6,"aamcoparkvillemd","aamcoparkvillemd.png"
6,"aamcoscottsdaleroad","aamcoscottsdaleroad.png"
6,"aamco-chesapeakeva","aamco-chesapeakeva.png"
6,"aamcohialeahfl","aamcohialeahfl.png"
6,"aamco-corpuschristi","aamco-corpuschristi.png"
6,"aamcolakeforestca","aamcolakeforestca.png"
6,"aamcoalbuquerque","aamcoalbuquerque.png"
6,"aamcostatenisland","aamcostatenisland.png"
6,"aamco-newbraunfels","aamco-newbraunfels.png"
6,"aamcooklahomacity-yukon","aamcooklahomacity-yukon.png"
6,"aamcochannelviewtx","aamcochannelviewtx.png"
6,"aamcowarrentonva","aamcowarrentonva.png"
6,"aamcolexingtonwest","aamcolexingtonwest.png"
6,"aamcofortlauderdale-plantation","aamcofortlauderdale-plantation.png"
6,"aamcoeastpointga","aamcoeastpointga.png"
6,"aamcovictorvilleca","aamcovictorvilleca.png"
6,"aamcosanrafaelca","aamcosanrafaelca.png"
6,"aamcowalnutcreekca","aamcowalnutcreekca.png"
6,"aamcowilliamsportpa","aamcowilliamsportpa.png"
6,"aamcocedarparktx","aamcocedarparktx.png"
6,"aamcophoenixcentral","aamcophoenixcentral.png"
6,"aamcoglendalearrowhead","aamcoglendalearrowhead.png"
6,"aamcoaloha","aamcoaloha.png"
6,"aamcohagerstownmd","aamcohagerstownmd.png"
6,"aamcolexingtonparkmd","aamcolexingtonparkmd.png"
6,"aamcolongbeachca","aamcolongbeachca.png"
6,"aamcosilverspringmd","aamcosilverspringmd.png"
6,"aamco-bellevue","aamco-bellevue.png"
6,"aamcobridgewater","aamcobridgewater.png"
6,"aamcobloomfield","aamcobloomfield.png"
6,"aamco-omahasouth","aamco-omahasouth.png"
6,"aamcoeastmesa","aamcoeastmesa.png"
6,"aamcopembroke","aamcopembroke.png"
6,"aamcohackettstown","aamcohackettstown.png"
6,"aamcoportsmouthnh","aamcoportsmouthnh.png"
6,"aamcomorristown","aamcomorristown.png"
6,"aamcowestpalmbeach","aamcowestpalmbeach.png"
6,"aamcoescondido","aamcoescondido.png"
6,"aamcomorganhill","aamcomorganhill.png"
6,"aamcokcnorth","aamcokcnorth.png"
6,"aamcoconcord","aamcoconcord.png"
6,"aamco-duluthga","aamco-duluthga.png"
6,"aamcomissouricitytx","aamcomissouricitytx.png"
6,"aamcobloomingtonil","aamcobloomingtonil.png"
6,"aamcocharlottesville","aamcocharlottesville.png"
6,"aamconorthtampa","aamconorthtampa.png"
6,"aamcoastoria","aamcoastoria.png"
6,"aamcoypsilantimi","aamcoypsilantimi.png"
6,"aamcoofgreensboro","aamcoofgreensboro.png"
6,"aamconorwalk","aamconorwalk.png"
6,"aamcotulsa-brokenarrow","aamcotulsa-brokenarrow.png"
6,"aamcomurraysouthsaltlakecity","aamcomurraysouthsaltlakecity.png"
6,"aamcocentraltampa","aamcocentraltampa.png"
6,"aamcolubbock","aamcolubbock.png"
6,"aamcosantacruzca","aamcosantacruzca.png"
6,"aamcosandiego-miramar","aamcosandiego-miramar.png"
6,"aamcocolumbus-wbroadst","aamcocolumbus-wbroadst.png"
6,"aamcoalexandriava","aamcoalexandriava.png"
6,"aamcoscottsdaleairpark","aamcoscottsdaleairpark.png"
6,"aamcowsa","aamcowsa.png"
6,"aamcolawrencevillega","aamcolawrencevillega.png"
6,"aamcocorvallisor","aamcocorvallisor.png"
6,"aamcoranchocucamonga","aamcoranchocucamonga.png"
6,"aamconsa","aamconsa.png"
6,"aamcotransmissionpensacola","aamcotransmissionpensacola.png"
6,"aamcobristolpa","aamcobristolpa.png"
6,"aamcooklahomacity-edmond","aamcooklahomacity-edmond.png"
6,"aamcoabingtonpa","aamcoabingtonpa.png"
6,"aamcorochesterny","aamcorochesterny.png"
6,"aamcoyumaaz","aamcoyumaaz.png"
6,"aamcofeastervillepa","aamcofeastervillepa.png"
6,"aamcowintervillenc","aamcowintervillenc.png"
6,"aamcomcdonoughga","aamcomcdonoughga.png"
6,"aamcodallastx","aamcodallastx.png"
6,"aamcocolumbus-clevelandave","aamcocolumbus-clevelandave.png"
6,"aamcofontanaca","aamcofontanaca.png"
6,"aamcoerlanger","aamcoerlanger.png"
6,"aamcosignalhill","aamcosignalhill.png"
6,"aamcobrooklyn-ralphave","aamcobrooklyn-ralphave.png"
6,"aamco-omahanorth","aamco-omahanorth.png"
6,"aamcooaklandca","aamcooaklandca.png"
6,"aamcometuchen","aamcometuchen.png"
6,"aamcoeverett","aamcoeverett.png"
6,"aamcomanassasva","aamcomanassasva.png"
6,"aamco-councilbluffs","aamco-councilbluffs.png"
6,"aamcophoenixnortheast","aamcophoenixnortheast.png"
6,"aamcodelran","aamcodelran.png"
6,"aamcoinglewoodca","aamcoinglewoodca.png"
6,"aamcophoenixville","aamcophoenixville.png"
6,"mylocalaamco","mylocalaamco.png"
6,"aamcospokanevalleywa","aamcospokanevalleywa.png"
6,"aamcoelcajon","aamcoelcajon.png"
6,"aamcoblog","aamcoblog.png"
6,"aamcomilwaukieor","aamcomilwaukieor.png"
6,"aamcolexingtoneast","aamcolexingtoneast.png"
6,"aamcosuffolkva","aamcosuffolkva.png"
6,"aamcosantaclaritaca","aamcosantaclaritaca.png"
6,"aamcoroslindalema","aamcoroslindalema.png"
6,"aamcomorenovalley","aamcomorenovalley.png"
6,"aamcospringfieldva","aamcospringfieldva.png"
6,"aamcomiddletownny","aamcomiddletownny.png"
6,"aamcoreno","aamcoreno.png"
6,"aamcohamptonva","aamcohamptonva.png"
6,"aamcoeastonpa","aamcoeastonpa.png"
6,"aamcowarrenmi","aamcowarrenmi.png"
6,"aamcoreynoldsburgoh","aamcoreynoldsburgoh.png"
6,"aamcosouthloopautorepair","aamcosouthloopautorepair.png"
6,"aamcoorange","aamcoorange.png"
6,"aamcopeoria-az","aamcopeoria-az.png"
6,"aamcoeastbrunswick","aamcoeastbrunswick.png"
6,"aamco-taylorsvilleut","aamco-taylorsvilleut.png"
6,"aamcocoronaca","aamcocoronaca.png"
6,"aamcopasadenaca","aamcopasadenaca.png"
6,"aamcoglendaleoldtown","aamcoglendaleoldtown.png"
6,"aamcoconwaysc","aamcoconwaysc.png"
6,"aamconewwindsor","aamconewwindsor.png"
6,"aamcorockvillemd","aamcorockvillemd.png"
6,"aamcospringfield","aamcospringfield.png"
6,"aamcotulsa-harvard","aamcotulsa-harvard.png"
6,"aamcogaithersburgmd","aamcogaithersburgmd.png"
6,"aamcofortlauderdale-dixiehwy","aamcofortlauderdale-dixiehwy.png"
6,"aamcobradenton","aamcobradenton.png"
6,"aamcoofupland","aamcoofupland.png"
6,"aamcowoodbridgeva","aamcowoodbridgeva.png"
6,"aamcotransmissionsknoxville-kingstonpike","aamcotransmissionsknoxville-kingstonpike.png"
6,"aamcoantiochca","aamcoantiochca.png"
6,"aamcodowneyca","aamcodowneyca.png"
6,"aamcobronx","aamcobronx.png"
6,"aamcosurprise","aamcosurprise.png"
6,"aamcogastonianc","aamcogastonianc.png"
6,"aamcoeggharbortwp","aamcoeggharbortwp.png"
6,"aamcostuartfl","aamcostuartfl.png"
6,"aamcotulsa-memorial","aamcotulsa-memorial.png"
6,"aamcoconcordnh","aamcoconcordnh.png"
6,"aamcobaltimore-pulaskihwy","aamcobaltimore-pulaskihwy.png"
6,"aamcocapistranobeachca","aamcocapistranobeachca.png"
6,"aamcophilly-frankfordave","aamcophilly-frankfordave.png"
6,"aamcosandiego-missionbay","aamcosandiego-missionbay.png"
6,"aamcofuquayvarinanc","aamcofuquayvarinanc.png"
6,"aamcoutah","aamcoutah.png"
6,"aamconorthwestfwy-houston","aamconorthwestfwy-houston.png"
6,"aamcopomonaca","aamcopomonaca.png"
6,"aamcoburbank","aamcoburbank.png"
6,"aamcodovernj","aamcodovernj.png"
6,"aamcopennsaukennj","aamcopennsaukennj.png"
6,"aamcoclaymontde","aamcoclaymontde.png"
6,"aamcospringfieldoh","aamcospringfieldoh.png"
6,"aamcosocal","aamcosocal.png"
6,"aamcopasadenatx","aamcopasadenatx.png"
6,"aamcohouston-veteransmemorial","aamcohouston-veteransmemorial.png"
6,"aamcovirginiabeachva","aamcovirginiabeachva.png"
6,"aamcotopekaks","aamcotopekaks.png"
6,"aamcofremontca","aamcofremontca.png"
6,"aamcoeugeneor","aamcoeugeneor.png"
6,"aamcobrookfieldwi","aamcobrookfieldwi.png"
6,"aamcoahwatukee","aamcoahwatukee.png"
6,"aamcosalemor","aamcosalemor.png"
6,"aamcoathensga","aamcoathensga.png"
6,"aamcochino","aamcochino.png"
6,"aamcoroanokeva","aamcoroanokeva.png"
6,"aamcohemetca","aamcohemetca.png"
6,"aamcoaustin-burnetrd","aamcoaustin-burnetrd.png"
6,"aamcoconyersga","aamcoconyersga.png"
6,"aamcomiami-birdroad","aamcomiami-birdroad.png"
6,"aamcosantaanaca","aamcosantaanaca.png"
6,"aamcolaurelmd","aamcolaurelmd.png"
6,"aamcorandallstownmd","aamcorandallstownmd.png"
6,"aamcotemeculaca","aamcotemeculaca.png"
6,"aamcowestbroward","aamcowestbroward.png"
6,"aamcola-culvercity","aamcola-culvercity.png"
6,"aamcowebstertx","aamcowebstertx.png"
6,"aamcopinevillenc","aamcopinevillenc.png"
6,"aamcoviennava","aamcoviennava.png"
6,"aamcohuntingtonbeachca","aamcohuntingtonbeachca.png"
6,"aamcoseguin","aamcoseguin.png"
6,"aamcomarietta-cobbparkway","aamcomarietta-cobbparkway.png"
6,"aamcosouthtampa","aamcosouthtampa.png"
6,"aamco-omahawest","aamco-omahawest.png"
6,"aamcocatonsvillemd","aamcocatonsvillemd.png"
6,"aamcopuyallupwa","aamcopuyallupwa.png"
6,"aamcotwinfalls","aamcotwinfalls.png"
6,"aamconorthridgeca","aamconorthridgeca.png"
6,"aamcohightstownnj","aamcohightstownnj.png"
6,"aamcoreadingpa","aamcoreadingpa.png"
6,"aamcomanchesterct","aamcomanchesterct.png"
6,"aamcostroudsburg","aamcostroudsburg.png"
6,"aamcowashingtondc","aamcowashingtondc.png"
6,"aamcoraleigh-capitalblvd","aamcoraleigh-capitalblvd.png"
6,"aamcolakeworth","aamcolakeworth.png"
6,"aamcopatchogue","aamcopatchogue.png"
6,"aamcovancouver99","aamcovancouver99.png"
6,"aamcoeuless","aamcoeuless.png"
6,"aamcomcallen","aamcomcallen.png"
6,"aamcotempe","aamcotempe.png"
6,"aamcosouthsarasota","aamcosouthsarasota.png"
6,"aamcosanbernardinoca","aamcosanbernardinoca.png"
6,"aamcobrooklyn-atlanticave","aamcobrooklyn-atlanticave.png"
6,"aamcophoenixmaryvale","aamcophoenixmaryvale.png"
6,"aamcocantonga","aamcocantonga.png"
6,"aamcosantarosa","aamcosantarosa.png"
6,"aamcodelraybeach","aamcodelraybeach.png"
6,"aamcobearde","aamcobearde.png"
6,"aamcofrederickmd","aamcofrederickmd.png"
6,"aamcomorrisvillepa","aamcomorrisvillepa.png"
6,"aamcotigard","aamcotigard.png"
6,"aamcopottstownpa","aamcopottstownpa.png"
6,"aamcooklahomacity-northwest","aamcooklahomacity-northwest.png"
6,"aamcoseattlewa","aamcoseattlewa.png"
6,"aamcolasvegas","aamcolasvegas.png"
6,"aamcoroundrocktx","aamcoroundrocktx.png"
6,"aamcopompanobeach","aamcopompanobeach.png"
6,"aamcocovinaca","aamcocovinaca.png"
6,"aamconewportnews","aamconewportnews.png"
7,"renault-guilers","renault-guilers.png"
8,"rexel","rexel.png"
9,"toyotasandikci","toyotasandikci.png"
9,"toyotacetas","toyotacetas.png"
9,"toyotayigitvar","toyotayigitvar.png"
9,"toyotatokullar","toyotatokullar.png"
9,"toyotaparmaksizlar","toyotaparmaksizlar.png"
9,"toyotayoruk","toyotayoruk.png"
9,"toyotagoktepe","toyotagoktepe.png"
9,"toyotagocmenturk","toyotagocmenturk.png"
9,"toyotaakten","toyotaakten.png"
9,"toyotasonkar","toyotasonkar.png"
9,"toyotaaykon","toyotaaykon.png"
9,"toyotaoztoprakhatay","toyotaoztoprakhatay.png"
9,"toyotacavdarli","toyotacavdarli.png"
9,"toyotakocaelikaya","toyotakocaelikaya.png"
9,"toyotatoyan","toyotatoyan.png"
9,"toyotakar","toyotakar.png"
9,"toyotayatubodrum","toyotayatubodrum.png"
9,"toyotaer","toyotaer.png"
9,"toyotaaktoy","toyotaaktoy.png"
9,"toyotayatumugla","toyotayatumugla.png"
9,"toyotaboranlar","toyotaboranlar.png"
9,"toyotamici","toyotamici.png"
9,"toyotaborovali","toyotaborovali.png"
9,"toyotaotojen","toyotaotojen.png"
9,"toyotamezcar","toyotamezcar.png"
9,"toyotanatas","toyotanatas.png"
9,"toyotabakircilarfethiye","toyotabakircilarfethiye.png"
9,"toyotasarar","toyotasarar.png"
9,"toyotaonatca","toyotaonatca.png"
9,"toyotahizel","toyotahizel.png"
9,"toyotaefe","toyotaefe.png"
9,"toyotasamlioglu","toyotasamlioglu.png"
9,"toyotaderinderekocak","toyotaderinderekocak.png"
9,"toyotaakkoyunlu","toyotaakkoyunlu.png"
9,"toyotaelpa","toyotaelpa.png"
9,"toyotaaydogan","toyotaaydogan.png"
9,"toyotakuzen","toyotakuzen.png"
10,"whatsonsaudiarabia","whatsonsaudiarabia.png"
11,"mazda-autohaus-schreier-biebergemuend-bieber","mazda-autohaus-schreier-biebergemuend-bieber.png"
11,"mazda-autohaus-baumgart-altensteig","mazda-autohaus-baumgart-altensteig.png"
11,"mazda-autohaus-misch-uebach-palenberg","mazda-autohaus-misch-uebach-palenberg.png"
11,"mazda-autohaus-blank-dinkelsbuehl","mazda-autohaus-blank-dinkelsbuehl.png"
11,"mazda-autohaus-roessel-birkenau","mazda-autohaus-roessel-birkenau.png"
11,"mazda-autohaus-heider-dresden","mazda-autohaus-heider-dresden.png"
11,"mazda-autohaus-gruendel-doerth","mazda-autohaus-gruendel-doerth.png"
11,"mazda-autohaus-flindt-marschacht","mazda-autohaus-flindt-marschacht.png"
11,"mazda-autohaus-torp-wilhelmshaven","mazda-autohaus-torp-wilhelmshaven.png"
11,"mazda-autohaus-gerhard-figge-waldeck-hoeringhausen","mazda-autohaus-gerhard-figge-waldeck-hoeringhausen.png"
11,"mazda-autohaus-moellenkamp-rheine","mazda-autohaus-moellenkamp-rheine.png"
11,"mazda-autohaus-suedring-datteln","mazda-autohaus-suedring-datteln.png"
11,"mazda-autocentrum-engin-holzminden","mazda-autocentrum-engin-holzminden.png"
11,"mazda-autohaus-berlenbach-bergischgladbach","mazda-autohaus-berlenbach-bergischgladbach.png"
11,"mazda-autohaus-voigtlaender-meyer-hamburg","mazda-autohaus-voigtlaender-meyer-hamburg.png"
11,"mazda-autohaus-bolluck-goslar","mazda-autohaus-bolluck-goslar.png"
11,"mazda-autohaus-becker-homburg-bruchhof","mazda-autohaus-becker-homburg-bruchhof.png"
11,"mazda-autohaus-klein-bietigheim-bissingen","mazda-autohaus-klein-bietigheim-bissingen.png"
11,"mazda-autohaus-hansmann-melsungen","mazda-autohaus-hansmann-melsungen.png"
11,"mazda-autohaus-schindlbeck-straubing","mazda-autohaus-schindlbeck-straubing.png"
11,"mazda-autohaus-thoss-falkenstein","mazda-autohaus-thoss-falkenstein.png"
11,"mazda-autohaus-schneider-sondershausen","mazda-autohaus-schneider-sondershausen.png"
11,"mazda-autohaus-trumpf-wimmelburg","mazda-autohaus-trumpf-wimmelburg.png"
11,"mazda-autopark-rath-krefeld","mazda-autopark-rath-krefeld.png"
11,"mazda-autohaus-ruettiger-wallduern","mazda-autohaus-ruettiger-wallduern.png"
11,"mazda-autohaus-mork-rockenhausen","mazda-autohaus-mork-rockenhausen.png"
11,"mazda-autohaus-sturne-grimma","mazda-autohaus-sturne-grimma.png"
11,"mazda-autohaus-banaszak-wesel","mazda-autohaus-banaszak-wesel.png"
11,"mazda-autohaus-wagner-dortmund","mazda-autohaus-wagner-dortmund.png"
11,"mazda-autohaus-abs-erlangen","mazda-autohaus-abs-erlangen.png"
11,"mazda-autohaus-lackmann-sendenhorst","mazda-autohaus-lackmann-sendenhorst.png"
11,"mazda-autohaus-kalina-gelsenkirchen","mazda-autohaus-kalina-gelsenkirchen.png"
11,"mazda-automobile-maier-cham","mazda-automobile-maier-cham.png"
11,"mazda-autohaus-hansmann-kassel","mazda-autohaus-hansmann-kassel.png"
11,"mazda-autohaus-tabbouch-speyer","mazda-autohaus-tabbouch-speyer.png"
11,"mazda-autohaus-kaschmieder-waren","mazda-autohaus-kaschmieder-waren.png"
11,"mazda-autohaus-w-k-kamen","mazda-autohaus-w-k-kamen.png"
11,"mazda-autohaus-weiss-niedernhausen","mazda-autohaus-weiss-niedernhausen.png"
11,"mazda-autohaus-schwenke-duisburg","mazda-autohaus-schwenke-duisburg.png"
11,"mazda-autohaus-wilk-kaczmarek-schwerin","mazda-autohaus-wilk-kaczmarek-schwerin.png"
11,"mazda-autohaus-wedding-engelskirchen-albertsth","mazda-autohaus-wedding-engelskirchen-albertsth.png"
11,"mazda-autohaus-wassing-ahaus-wuellen","mazda-autohaus-wassing-ahaus-wuellen.png"
11,"mazda-autohaus-kramer-kirchberg","mazda-autohaus-kramer-kirchberg.png"
11,"mazda-autohaus-elstner-jena","mazda-autohaus-elstner-jena.png"
11,"mazda-service-koch-ludwigsfelde","mazda-service-koch-ludwigsfelde.png"
11,"mazda-autohaus-behrens-magdeburg-ottersleben","mazda-autohaus-behrens-magdeburg-ottersleben.png"
11,"mazda-autohaus-mueller-und-thurnes-tholey","mazda-autohaus-mueller-und-thurnes-tholey.png"
11,"mazda-autohaus-dorner-riedlingen","mazda-autohaus-dorner-riedlingen.png"
11,"mazda-autohaus-rottmann-bottrop","mazda-autohaus-rottmann-bottrop.png"
11,"mazda-autohaus-kilger-regen","mazda-autohaus-kilger-regen.png"
11,"mazda-autohaus-hoeffner-clausen","mazda-autohaus-hoeffner-clausen.png"
11,"mazda-autohaus-fritsche-grossschoenau","mazda-autohaus-fritsche-grossschoenau.png"
11,"mazda-autohaus-dohm-horn-bad-meinberg","mazda-autohaus-dohm-horn-bad-meinberg.png"
11,"mazda-autohaus-gollan-hamm","mazda-autohaus-gollan-hamm.png"
11,"mazda-autohaus-wilhelm-huellhorst","mazda-autohaus-wilhelm-huellhorst.png"
11,"mazda-autohaus-lommel-grettstadt","mazda-autohaus-lommel-grettstadt.png"
11,"mazda-autohaus-henn-weilamrhein","mazda-autohaus-henn-weilamrhein.png"
11,"mazda-autohaus-friedmann-steinfeld","mazda-autohaus-friedmann-steinfeld.png"
11,"mazda-autohaus-boehme-lutherstadt-wittenberg","mazda-autohaus-boehme-lutherstadt-wittenberg.png"
11,"mazda-autohaus-bayer-goessweinstein","mazda-autohaus-bayer-goessweinstein.png"
11,"mazda-autohaus-schmidt-oschatz","mazda-autohaus-schmidt-oschatz.png"
11,"mazda-autohaus-hohenfeld-dinslaken","mazda-autohaus-hohenfeld-dinslaken.png"
11,"mazda-autohaus-tillack-perleberg","mazda-autohaus-tillack-perleberg.png"
11,"mazda-autohaus-haese-erkrath-hochdahl","mazda-autohaus-haese-erkrath-hochdahl.png"
11,"mazda-autohaus-wuttke-gummersbach","mazda-autohaus-wuttke-gummersbach.png"
11,"mazda-autohaus-weber-magdeburg","mazda-autohaus-weber-magdeburg.png"
11,"mazda-autohaus-albstadt-auto-domicil-ebingen","mazda-autohaus-albstadt-auto-domicil-ebingen.png"
11,"mazda-autohaus-engelbart-delmenhorst","mazda-autohaus-engelbart-delmenhorst.png"
11,"mazda-automobile-weberpals-sonneberg-hoenbach","mazda-automobile-weberpals-sonneberg-hoenbach.png"
11,"mazda-autohaus-brutschin-lenzkirch","mazda-autohaus-brutschin-lenzkirch.png"
11,"mazda-autohaus-ludwig-halle-neustadt","mazda-autohaus-ludwig-halle-neustadt.png"
11,"mazda-autohaus-hamester-hamburg-bergedorf","mazda-autohaus-hamester-hamburg-bergedorf.png"
11,"mazda-autohaus-tietje-holmb-wedel","mazda-autohaus-tietje-holmb-wedel.png"
11,"mazda-autohaus-banaszak-kleve","mazda-autohaus-banaszak-kleve.png"
11,"mazda-autohaus-doerenkaemper-bad-hersfeld","mazda-autohaus-doerenkaemper-bad-hersfeld.png"
11,"mazda-autohaus-kopke-bendel-marl","mazda-autohaus-kopke-bendel-marl.png"
11,"mazda-autohaus-roeser-grossmaischeid","mazda-autohaus-roeser-grossmaischeid.png"
11,"mazda-autohaus-schmidt-meschede","mazda-autohaus-schmidt-meschede.png"
11,"mazda-autohaus-richter-forst","mazda-autohaus-richter-forst.png"
11,"mazda-autohaus-buelo-naumburg","mazda-autohaus-buelo-naumburg.png"
11,"mazda-autohaus-hellwig-hoyerswerda","mazda-autohaus-hellwig-hoyerswerda.png"
11,"mazda-autohaus-witthoeft-bad-oldesloe","mazda-autohaus-witthoeft-bad-oldesloe.png"
11,"mazda-autohaus-schindlbeck-schwandorf","mazda-autohaus-schindlbeck-schwandorf.png"
11,"mazda-autohaus-lehmann-senftenberg","mazda-autohaus-lehmann-senftenberg.png"
11,"mazda-autohaus-dittrich-genthin-huettermuehle","mazda-autohaus-dittrich-genthin-huettermuehle.png"
11,"mazda-autohaus-born-ludwigslust","mazda-autohaus-born-ludwigslust.png"
11,"mazda-autohaus-rausch-dresden","mazda-autohaus-rausch-dresden.png"
11,"mazda-autohaus-schmidt-grossenhain","mazda-autohaus-schmidt-grossenhain.png"
11,"mazda-autohaus-ahb-gotha","mazda-autohaus-ahb-gotha.png"
11,"mazda-service-metz-marne","mazda-service-metz-marne.png"
11,"mazda-autohaus-ehrlich-aschaffenburg","mazda-autohaus-ehrlich-aschaffenburg.png"
11,"mazda-autohaus-stiefel-muehlacker","mazda-autohaus-stiefel-muehlacker.png"
11,"mazda-autohaus-mueller-plauen","mazda-autohaus-mueller-plauen.png"
11,"mazda-autohaus-stoelzel-doehlau","mazda-autohaus-stoelzel-doehlau.png"
11,"mazda-autohaus-sturne-rochlitz","mazda-autohaus-sturne-rochlitz.png"
11,"mazda-autohaus-goedde-meschede","mazda-autohaus-goedde-meschede.png"
11,"mazda-autohaus-haeusler-fuerstenfeldbruck","mazda-autohaus-haeusler-fuerstenfeldbruck.png"
11,"mazda-autohaus-eisele-langenau","mazda-autohaus-eisele-langenau.png"
11,"mazda-autohaus-ubben-aurich","mazda-autohaus-ubben-aurich.png"
11,"mazda-autohaus-lohmann-kreuztal","mazda-autohaus-lohmann-kreuztal.png"
11,"mazda-autohaus-grasdanner-holzkirchen","mazda-autohaus-grasdanner-holzkirchen.png"
11,"mazda-autohaus-albers-doerpen","mazda-autohaus-albers-doerpen.png"
11,"mazda-autohaus-lotspeich-muenchen","mazda-autohaus-lotspeich-muenchen.png"
12,"venturelightingme","venturelightingme.png"
13,"bosch-pt","bosch-pt.png"
13,"boschautoparts","boschautoparts.png"
13,"boschtools","boschtools.png"
13,"boschautopartes","boschautopartes.png"
14,"sackit","sackit.png"
15,"kilewswest","kilewswest.png"
16,"pearsonclinical","pearsonclinical.png"
17,"aonhewitt","aonhewitt.png"
17,"aonsolutions","aonsolutions.png"
18,"whirlpoolservice","whirlpoolservice.png"
19,"linexofjoliet","linexofjoliet.png"
19,"linexofwilliston","linexofwilliston.png"
19,"linexofchickasha","linexofchickasha.png"
19,"linexofschererville","linexofschererville.png"
20,"mercyships","mercyships.png"
21,"foxinaboxbrisbane","foxinaboxbrisbane.png"
22,"kalorimeta-singen","kalorimeta-singen.png"
23,"hondaheritagecenter","hondaheritagecenter.png"
24,"mazdanorkar","mazdanorkar.png"
25,"mazda-uae","mazda-uae.png"
26,"lindegas","lindegas.png"
27,"wedos","wedos.png"
28,"nhszketpo","nhszketpo.png"
29,"lindt","lindt.png"
30,"nutriciababy","nutriciababy.png"
30,"nutriciavoorjou","nutriciavoorjou.png"
30,"nutricia","nutricia.png"
31,"renault","renault.png"
32,"dairyqueenobx","dairyqueenobx.png"
33,"duracleanservices","duracleanservices.png"
33,"duraclean","duraclean.png"
34,"aamcooflascruces","aamcooflascruces.png"
35,"asendia","asendia.png"
35,"asendiausa","asendiausa.png"
36,"medef-aude","medef-aude.png"
36,"medef-mayenne","medef-mayenne.png"
36,"medef-beziers","medef-beziers.png"
36,"medef31","medef31.png"
36,"medef-44","medef-44.png"
36,"medef79","medef79.png"
36,"medef-anjou","medef-anjou.png"
36,"medef-pays-basque","medef-pays-basque.png"
36,"medef-bearnetsoule","medef-bearnetsoule.png"
36,"medef-cote-opale","medef-cote-opale.png"
36,"medef-essonne","medef-essonne.png"
36,"medeforne","medeforne.png"
36,"medef-artois","medef-artois.png"
36,"medef-ardennes","medef-ardennes.png"
36,"medef-franche-comte","medef-franche-comte.png"
36,"medef-nouvelle-aquitaine","medef-nouvelle-aquitaine.png"
37,"gs1my","gs1my.png"
38,"kia-fischer-cottbus","kia-fischer-cottbus.png"
38,"kia-bender-coburg","kia-bender-coburg.png"
38,"kia-moeller-wunstorf","kia-moeller-wunstorf.png"
38,"kia-lange-gosen","kia-lange-gosen.png"
38,"kia-hotz-gardelegen","kia-hotz-gardelegen.png"
38,"kia-brueggemann-brandenburg","kia-brueggemann-brandenburg.png"
38,"kia-kurt-recklinghausen","kia-kurt-recklinghausen.png"
38,"kia-duerkop-hannover","kia-duerkop-hannover.png"
38,"kia-gj-remagen-rolandseck","kia-gj-remagen-rolandseck.png"
38,"kia-jaeger-bevern","kia-jaeger-bevern.png"
38,"kia-wandscher-oldenburg","kia-wandscher-oldenburg.png"
38,"kia-koenig-teltow","kia-koenig-teltow.png"
38,"kia-schunke-aurich","kia-schunke-aurich.png"
38,"kia-engbert-datteln","kia-engbert-datteln.png"
38,"kia-ebner-baienfurt","kia-ebner-baienfurt.png"
38,"kia-vogt-finningen","kia-vogt-finningen.png"
38,"kia-auto-center-weiterstadt","kia-auto-center-weiterstadt.png"
38,"kia-diamant-wiesbaden","kia-diamant-wiesbaden.png"
38,"kia-ds-lampertheim","kia-ds-lampertheim.png"
38,"kia-settele-neu-ulm","kia-settele-neu-ulm.png"
38,"kia-levy-wittenberg","kia-levy-wittenberg.png"
38,"kia-guenther-dingelstaedt","kia-guenther-dingelstaedt.png"
38,"kia-dresen-neuss","kia-dresen-neuss.png"
38,"kia-moeller-eisenach","kia-moeller-eisenach.png"
38,"kia-car-center-wismar","kia-car-center-wismar.png"
38,"kia-mueller-genthin","kia-mueller-genthin.png"
38,"kia-fugel-dresden","kia-fugel-dresden.png"
38,"kia-trinkle-schorndorf","kia-trinkle-schorndorf.png"
38,"kia-schmid-hoehenkirchen","kia-schmid-hoehenkirchen.png"
38,"kia-ahs-roehrnbach","kia-ahs-roehrnbach.png"
38,"kia-h-p-schiffweiler","kia-h-p-schiffweiler.png"
38,"kia-poeschl-bensheim","kia-poeschl-bensheim.png"
38,"kia-sauter-albstadt","kia-sauter-albstadt.png"
38,"kia-hoff-trier","kia-hoff-trier.png"
38,"kia-gorny-eislingen","kia-gorny-eislingen.png"
38,"kia-bachmann-wehretal","kia-bachmann-wehretal.png"
38,"kia-penning-zetelneuenburg","kia-penning-zetelneuenburg.png"
38,"kia-kroppen-herten","kia-kroppen-herten.png"
38,"kia-daehn-goeritz","kia-daehn-goeritz.png"
38,"kia-strehle-dresden","kia-strehle-dresden.png"
38,"kia-brass-frankfurt","kia-brass-frankfurt.png"
38,"kia-burian-celle","kia-burian-celle.png"
38,"kia-brueggemann-neubrandenburg","kia-brueggemann-neubrandenburg.png"
38,"kia-suedmobile-radolfzell","kia-suedmobile-radolfzell.png"
38,"kia-christ-ansbach","kia-christ-ansbach.png"
38,"kia-telke-badschlema","kia-telke-badschlema.png"
38,"kia-maier-cham","kia-maier-cham.png"
39,"ambiderm","ambiderm.png"
40,"greatplacetowork","greatplacetowork.png"
41,"culliganuppercumberland","culliganuppercumberland.png"
41,"culliganwatercolorado","culliganwatercolorado.png"
41,"culligandenkerwaterconditioning","culligandenkerwaterconditioning.png"
41,"culliganwatercorrections","culliganwatercorrections.png"
41,"culliganbetterwater","culliganbetterwater.png"
42,"invisalign","invisalign.png"
43,"duracell-me","duracell-me.png"
43,"duracell","duracell.png"
44,"techtel","techtel.png"
45,"pearsonactivelearn","pearsonactivelearn.png"
46,"gs1al","gs1al.png"
47,"carlsjrmerida","carlsjrmerida.png"
48,"aad-insurance","aad-insurance.png"
49,"plameco","plameco.png"
50,"crocs","crocs.png"
51,"designmehair","designmehair.png"
52,"prodriverentacar","prodriverentacar.png"
53,"pamline","pamline.png"
54,"esseskincare","esseskincare.png"
55,"trulynolenpiaui","trulynolenpiaui.png"
56,"cdvi","cdvi.png"
56,"cdviberica","cdviberica.png"
56,"cdvibenelux","cdvibenelux.png"
57,"thelocal","thelocal.png"
58,"wheystore","wheystore.png"
59,"scoutaerialafrica","scoutaerialafrica.png"
60,"wingarc","wingarc.png"
61,"culliganwheaton","culliganwheaton.png"
61,"culliganofofallon","culliganofofallon.png"
61,"allthingswater","allthingswater.png"
61,"culliganatlanta","culliganatlanta.png"
61,"vettersculliganwater","vettersculliganwater.png"
61,"culliganphoenix","culliganphoenix.png"
61,"culliganwaterburlington","culliganwaterburlington.png"
61,"culliganminneapolis","culliganminneapolis.png"
61,"drinkculligan","drinkculligan.png"
61,"culligansouthwest","culligansouthwest.png"
61,"culligantoledo","culligantoledo.png"
61,"culligannc","culligannc.png"
61,"culligantulsa","culligantulsa.png"
61,"culliganwaterwestbend","culliganwaterwestbend.png"
61,"culliganwt","culliganwt.png"
61,"culliganofnashville","culliganofnashville.png"
61,"culliganlansing","culliganlansing.png"
61,"culliganwaterstillwater","culliganwaterstillwater.png"
61,"culliganofwestbranch","culliganofwestbranch.png"
61,"culliganh2o","culliganh2o.png"
61,"culligansanantonio","culligansanantonio.png"
61,"culliganwatertreatment","culliganwatertreatment.png"
61,"culliganiowa","culliganiowa.png"
61,"culliganromeo","culliganromeo.png"
61,"culliganofsouthwestwisconsin","culliganofsouthwestwisconsin.png"
61,"culliganjanesville","culliganjanesville.png"
61,"culliganslc","culliganslc.png"
62,"tryg","tryg.png"
63,"logicvapes","logicvapes.png"
64,"flashbay","flashbay.png"
65,"saint-gobain","saint-gobain.png"
66,"hannainst","hannainst.png"
67,"fronticsamerica","fronticsamerica.png"
68,"ymcasteuben","ymcasteuben.png"
68,"ymcatoledo","ymcatoledo.png"
68,"ymca-ywca","ymca-ywca.png"
68,"ymcawaycross","ymcawaycross.png"
68,"ymcaup","ymcaup.png"
68,"ymcaswv","ymcaswv.png"
69,"toyotafocsani","toyotafocsani.png"
69,"toyotabacau","toyotabacau.png"
70,"toyotasouthern","toyotasouthern.png"
70,"toyotadefence","toyotadefence.png"
71,"secureparkingusa","secureparkingusa.png"
72,"toyotasanpablo","toyotasanpablo.png"
73,"rotary7610","rotary7610.png"
74,"isuzuniaga","isuzuniaga.png"
75,"secureparking","secureparking.png"
76,"desjoyauxgh","desjoyauxgh.png"
77,"jdimmigration","jdimmigration.png"
78,"adeccome","adeccome.png"
78,"adecco","adecco.png"
79,"portadoors","portadoors.png"
80,"catsprotectionshop","catsprotectionshop.png"
81,"gjw-nd","gjw-nd.png"
82,"spitex-rothenburg","spitex-rothenburg.png"
83,"gilesnissanopelousas","gilesnissanopelousas.png"
84,"kapanfastigheter","kapanfastigheter.png"
85,"crif","crif.png"
86,"bosch-homecomfort","bosch-homecomfort.png"
86,"bosch-climate","bosch-climate.png"
87,"gjw-nrw","gjw-nrw.png"
88,"inductothermgroup","inductothermgroup.png"
89,"overheaddooraz","overheaddooraz.png"
90,"bimedasuramerica","bimedasuramerica.png"
90,"bimedacanada","bimedacanada.png"
91,"astrazeneca","astrazeneca.png"
92,"cdlcuritiba","cdlcuritiba.png"
93,"overheaddoorofterrehaute","overheaddoorofterrehaute.png"
94,"ford","ford.png"
95,"salvationarmyflorida","salvationarmyflorida.png"
96,"customneon","customneon.png"
97,"cinnabon","cinnabon.png"
97,"cinnabonrussia","cinnabonrussia.png"
98,"pkfjnd","pkfjnd.png"
98,"pkfboi","pkfboi.png"
98,"pkfgf","pkfgf.png"
98,"pkf","pkf.png"
98,"pkf-fwa","pkf-fwa.png"
98,"pkflesotho","pkflesotho.png"
98,"pkfmalta","pkfmalta.png"
98,"pkfcs","pkfcs.png"
98,"pkfve","pkfve.png"
98,"pkfcr","pkfcr.png"
98,"pkf-dominicana","pkf-dominicana.png"
98,"pkfboston","pkfboston.png"
98,"pkf-central-america","pkf-central-america.png"
98,"pkfsingapore","pkfsingapore.png"
98,"pkfea","pkfea.png"
98,"pkf-hk","pkf-hk.png"
99,"renaulttepic","renaulttepic.png"
99,"renaultchiapas","renaultchiapas.png"
99,"renaultinterlomas","renaultinterlomas.png"
99,"renaultazcapotzalco","renaultazcapotzalco.png"
99,"renaultamericas","renaultamericas.png"
99,"renaultmerida","renaultmerida.png"
99,"renaultcampeche","renaultcampeche.png"
99,"renaultpatria","renaultpatria.png"
99,"renaulttlalnepantla","renaulttlalnepantla.png"
99,"renaultdelsol","renaultdelsol.png"
99,"renaultmonterrey","renaultmonterrey.png"
99,"renaultcancun","renaultcancun.png"
99,"renaultcoatzacoalcos","renaultcoatzacoalcos.png"
99,"renaultsancosme","renaultsancosme.png"
99,"renaultpuertovallarta","renaultpuertovallarta.png"
99,"renault-chihuahua","renault-chihuahua.png"
99,"renaultpatriotismo","renaultpatriotismo.png"
100,"lindesaude","lindesaude.png"
100,"linde-medica","linde-medica.png"
101,"avia-ramonville","avia-ramonville.png"
102,"ymcatrivalley","ymcatrivalley.png"
103,"zkteco","zkteco.png"
104,"tributek","tributek.png"
105,"spg-motoren","spg-motoren.png"
106,"daikin-manufacturing","daikin-manufacturing.png"
106,"daikinuae","daikinuae.png"
106,"daikinegypt","daikinegypt.png"
106,"daikin","daikin.png"
106,"daikinqatar","daikinqatar.png"
106,"daikin-ksa","daikin-ksa.png"
106,"daikinafrica","daikinafrica.png"
106,"daikin-ce","daikin-ce.png"
106,"daikinczech","daikinczech.png"
106,"daikindevice","daikindevice.png"
106,"daikinbahrain","daikinbahrain.png"
106,"daikinkuwait","daikinkuwait.png"
106,"daikinmea","daikinmea.png"
106,"daikinlebanon","daikinlebanon.png"
106,"daikin-iraq","daikin-iraq.png"
107,"diabetes","diabetes.png"
108,"truemoney","truemoney.png"
109,"honda-cannes","honda-cannes.png"
109,"honda-angouleme","honda-angouleme.png"
109,"honda-rennes","honda-rennes.png"
109,"honda-mulhouse","honda-mulhouse.png"
109,"honda-metz","honda-metz.png"
109,"honda-melun","honda-melun.png"
109,"honda-marseille","honda-marseille.png"
109,"honda-bordeaux","honda-bordeaux.png"
109,"honda-toulouse","honda-toulouse.png"
109,"honda-limoges","honda-limoges.png"
109,"honda-lorient","honda-lorient.png"
109,"honda-lemans","honda-lemans.png"
109,"honda-grenoble","honda-grenoble.png"
109,"honda-reims","honda-reims.png"
109,"honda-dijon","honda-dijon.png"
109,"honda-caen","honda-caen.png"
109,"honda-villebon","honda-villebon.png"
109,"honda-lille","honda-lille.png"
109,"honda-larochelle","honda-larochelle.png"
109,"honda-chateauroux","honda-chateauroux.png"
109,"honda-pirola","honda-pirola.png"
109,"honda-montpellier","honda-montpellier.png"
109,"honda-meaux","honda-meaux.png"
109,"honda-saint-maur","honda-saint-maur.png"
109,"honda-rouen","honda-rouen.png"
109,"honda-strasbourg","honda-strasbourg.png"
110,"spitex-wiggertal","spitex-wiggertal.png"
111,"entergytexas","entergytexas.png"
112,"nissanoflebanonnh","nissanoflebanonnh.png"
112,"nissanmiddletownny","nissanmiddletownny.png"
113,"cvjm-gomaringen","cvjm-gomaringen.png"
114,"honda-nig","honda-nig.png"
115,"mitsubishielectric","mitsubishielectric.png"
115,"mitsubishielectric-printing","mitsubishielectric-printing.png"
115,"mitsubishielevator","mitsubishielevator.png"
116,"sitech-ws","sitech-ws.png"
116,"sitechnw","sitechnw.png"
116,"sitech-ohio","sitech-ohio.png"
117,"peach","peach.png"
118,"toyota-innviertel","toyota-innviertel.png"
119,"bosch-industrial","bosch-industrial.png"
120,"servier","servier.png"
121,"cazenovecapital","cazenovecapital.png"
122,"linexps","linexps.png"
123,"krugerkaldnes","krugerkaldnes.png"
123,"africa","africa.png"
123,"biothanesolutions","biothanesolutions.png"
123,"veolia","veolia.png"
123,"vwswestgarth","vwswestgarth.png"
123,"veoliawatertechnologies","veoliawatertechnologies.png"
123,"veoliawatertech","veoliawatertech.png"
124,"holidayland-friedrichshafen","holidayland-friedrichshafen.png"
124,"holidayland-dorfen","holidayland-dorfen.png"
124,"holidayland-bruchkoebel","holidayland-bruchkoebel.png"
124,"holidayland-roedermark","holidayland-roedermark.png"
124,"holidayland-sanktwendel","holidayland-sanktwendel.png"
124,"holidayland-reisebuero-stuppert","holidayland-reisebuero-stuppert.png"
125,"amnesty","amnesty.png"
126,"nissanattheavenues","nissanattheavenues.png"
127,"rotary6450","rotary6450.png"
128,"spitexlauchetal","spitexlauchetal.png"
129,"ekartlogistics","ekartlogistics.png"
130,"grupointexa","grupointexa.png"
131,"duluxarabia","duluxarabia.png"
132,"camesoluciones","camesoluciones.png"
133,"eis","eis.png"
134,"orbico","orbico.png"
135,"furuno","furuno.png"
136,"worldvisionamericalatina","worldvisionamericalatina.png"
137,"viessmann","viessmann.png"
138,"orient-food","orient-food.png"
139,"kuraray","kuraray.png"
140,"spitexlueg","spitexlueg.png"
141,"petercem-sensors","petercem-sensors.png"
142,"allianzlifechanger","allianzlifechanger.png"
143,"wuerthmarket","wuerthmarket.png"
144,"keasyfit","keasyfit.png"
145,"dilmahtea","dilmahtea.png"
146,"allianz","allianz.png"
147,"synevo","synevo.png"
148,"aleris-pp","aleris-pp.png"
149,"drekopf-kanalservice","drekopf-kanalservice.png"
150,"medicover","medicover.png"
151,"netterden","netterden.png"
152,"hondasemarangcenter","hondasemarangcenter.png"
152,"honda-autoland","honda-autoland.png"
153,"cfmoto","cfmoto.png"
154,"weidner","weidner.png"
155,"adeccogroupfoundationus","adeccogroupfoundationus.png"
156,"tenneco","tenneco.png"
157,"siebtechnik-tema","siebtechnik-tema.png"
158,"gs1tn","gs1tn.png"
159,"rsmpoland","rsmpoland.png"
159,"rsm","rsm.png"
160,"rjelinek","rjelinek.png"
161,"europa-union-hessen","europa-union-hessen.png"
161,"europa-union-thueringen","europa-union-thueringen.png"
161,"europa-union-bremen","europa-union-bremen.png"
161,"europa-union-sachsen","europa-union-sachsen.png"
161,"europa-union-kassel","europa-union-kassel.png"
161,"europa-union-niedersachsen","europa-union-niedersachsen.png"
161,"europa-union-diepholz","europa-union-diepholz.png"
161,"europa-union-sachsen-anhalt","europa-union-sachsen-anhalt.png"
161,"europa-union-havelland","europa-union-havelland.png"
162,"aamcoelpaso-east","aamcoelpaso-east.png"
162,"aamcokansascitysouth","aamcokansascitysouth.png"
162,"aamcocollegestationtx","aamcocollegestationtx.png"
163,"hahn-kolb","hahn-kolb.png"
164,"pingusenglishbd","pingusenglishbd.png"
164,"pingusenglish","pingusenglish.png"
165,"skssweden","skssweden.png"
166,"svndesertcommercial","svndesertcommercial.png"
167,"avis","avis.png"
168,"telehouse","telehouse.png"
169,"getscsadmin","getscsadmin.png"
170,"ardexbuildingproducts","ardexbuildingproducts.png"
171,"toyotaquezonavenue","toyotaquezonavenue.png"
172,"mffshopen","mffshopen.png"
173,"aamcoredlandsca","aamcoredlandsca.png"
174,"julis-bayern","julis-bayern.png"
175,"arkaybeverages","arkaybeverages.png"
176,"engieindia","engieindia.png"
177,"hyundai","hyundai.png"
178,"kia-guadeloupe","kia-guadeloupe.png"
179,"duracleanservicebybob","duracleanservicebybob.png"
179,"duracleanrestoration","duracleanrestoration.png"
180,"protectourwinters","protectourwinters.png"
181,"soneparfrance","soneparfrance.png"
181,"soneparthailand","soneparthailand.png"
182,"rubiomonocoat","rubiomonocoat.png"
183,"rheine","rheine.png"
184,"nexi","nexi.png"
185,"tr","tr.png"
185,"in","in.png"
185,"jp","jp.png"
185,"es","es.png"
185,"hu","hu.png"
185,"it","it.png"
185,"br","br.png"
186,"educab","educab.png"
187,"gallant-ocean","gallant-ocean.png"
188,"azets","azets.png"
189,"ptsv-hof-minigolf","ptsv-hof-minigolf.png"
190,"nikonclub","nikonclub.png"
191,"spitex-see-lac","spitex-see-lac.png"
192,"toyota-indus","toyota-indus.png"
193,"boxful","boxful.png"
194,"inchcape","inchcape.png"
195,"scholpp","scholpp.png"
196,"bmw-motorrad-euromotos-lyon","bmw-motorrad-euromotos-lyon.png"
197,"engie-energia","engie-energia.png"
198,"whirlpool","whirlpool.png"
199,"howdenre","howdenre.png"
199,"howdenagents","howdenagents.png"
199,"howdengroupholdings","howdengroupholdings.png"
200,"bonprix","bonprix.png"
201,"shopee","shopee.png"
202,"anadolumedicalcenter","anadolumedicalcenter.png"
203,"cleijsen","cleijsen.png"
204,"filatime","filatime.png"
205,"despec","despec.png"
206,"manpowergroup","manpowergroup.png"
207,"eca-serel","eca-serel.png"
208,"bakertillycentralafrica","bakertillycentralafrica.png"
208,"bakertillylb","bakertillylb.png"
208,"bakertilly","bakertilly.png"
208,"bakertillygh","bakertillygh.png"
208,"bakertillymapema","bakertillymapema.png"
208,"bakertillyeg","bakertillyeg.png"
209,"plameco-baer","plameco-baer.png"
209,"plameco-rheinsieg","plameco-rheinsieg.png"
210,"cdljatai","cdljatai.png"
211,"papajohnsquebec","papajohnsquebec.png"
211,"papajohns","papajohns.png"
212,"k-startupcenter","k-startupcenter.png"
213,"worldoptionsgh","worldoptionsgh.png"
214,"renault-beaulieu","renault-beaulieu.png"
215,"linde","linde.png"
216,"bauer-egypt","bauer-egypt.png"
217,"peugeot","peugeot.png"
218,"fosterfarmsfoodservice","fosterfarmsfoodservice.png"
219,"cgparivarconstruction","cgparivarconstruction.png"
220,"mercanta","mercanta.png"
221,"santillana","santillana.png"
222,"axabreakdown","axabreakdown.png"
223,"eurochem-na","eurochem-na.png"
224,"gs1bg","gs1bg.png"
225,"sothebysrealty","sothebysrealty.png"
226,"bosch-wohnungsgesellschaft","bosch-wohnungsgesellschaft.png"
227,"eurotradus","eurotradus.png"
228,"spitex-freiamt","spitex-freiamt.png"
229,"bnpparibasdeveloppement","bnpparibasdeveloppement.png"
230,"kiaautopol","kiaautopol.png"
231,"vedanta-zincinternational","vedanta-zincinternational.png"
232,"aireonepeel","aireonepeel.png"
233,"hertz-autopozicovna","hertz-autopozicovna.png"
233,"hertz-autopujcovna","hertz-autopujcovna.png"
234,"daad-australia","daad-australia.png"
235,"ymca-cnw","ymca-cnw.png"
236,"de-heus","de-heus.png"
237,"sprachschule-aktiv-passau","sprachschule-aktiv-passau.png"
237,"sprachschule-aktiv","sprachschule-aktiv.png"
238,"vans","vans.png"
239,"pmsgen","pmsgen.png"
240,"intersport-gros","intersport-gros.png"
241,"mcdonalds","mcdonalds.png"
242,"babgencel","babgencel.png"
243,"dertour","dertour.png"
244,"nepaltrust","nepaltrust.png"
245,"specialistnutrition","specialistnutrition.png"
246,"job-impulse","job-impulse.png"
247,"vkf-renzel","vkf-renzel.png"
248,"genan","genan.png"
249,"avia","avia.png"
250,"linde-electronics","linde-electronics.png"
251,"altengt","altengt.png"
252,"dicetek","dicetek.png"
253,"cfmoto-larissa","cfmoto-larissa.png"
254,"salvationarmyeet","salvationarmyeet.png"
255,"overheaddoorbrookfield","overheaddoorbrookfield.png"
256,"spie-wirliebenkabel","spie-wirliebenkabel.png"
256,"spie","spie.png"
256,"lueck-gruppe","lueck-gruppe.png"
257,"aviabienert","aviabienert.png"
258,"ymcatriangle","ymcatriangle.png"
259,"altenusa","altenusa.png"
260,"bosch-homecomfortgroup","bosch-homecomfortgroup.png"
261,"accelltherapy","accelltherapy.png"
262,"aontravpro","aontravpro.png"
263,"tescomobile","tescomobile.png"
264,"solidea","solidea.png"
265,"dolcevita","dolcevita.png"
266,"mooresingapore","mooresingapore.png"
267,"worldvision","worldvision.png"
268,"allianzportugal","allianzportugal.png"
269,"subaruvilnius","subaruvilnius.png"
270,"meyersound","meyersound.png"
271,"venaenergy","venaenergy.png"
272,"mitsubishi-motors","mitsubishi-motors.png"
273,"besins-healthcare","besins-healthcare.png"
274,"spitex-romanshorn","spitex-romanshorn.png"
275,"ophitusa","ophitusa.png"
276,"globalconnect","globalconnect.png"
276,"globalconnectgroup","globalconnectgroup.png"
276,"globalconnectcarrier","globalconnectcarrier.png"
277,"cafelasmargaritas","cafelasmargaritas.png"
278,"logmaxbr","logmaxbr.png"
279,"gracehomes","gracehomes.png"
280,"remax-lueneburg","remax-lueneburg.png"
280,"remax-buchholz","remax-buchholz.png"
281,"nl","nl.png"
281,"msd-animal-health","msd-animal-health.png"
282,"childrenandteendentalfl","childrenandteendentalfl.png"
283,"ringcontainers","ringcontainers.png"
284,"seasonsrehab","seasonsrehab.png"
285,"kumon","kumon.png"
286,"deprag","deprag.png"
287,"ymcachicago","ymcachicago.png"
288,"howden","howden.png"
289,"toyotasud","toyotasud.png"
290,"spitexkempt","spitexkempt.png"
291,"aamcogolflinks","aamcogolflinks.png"
291,"aamcomesacountryclub","aamcomesacountryclub.png"
292,"zenithplasticsurgery","zenithplasticsurgery.png"
292,"franzcollection","franzcollection.png"
293,"habitatmichigan","habitatmichigan.png"
294,"titancontainers","titancontainers.png"
295,"unglobalcompactghana","unglobalcompactghana.png"
296,"synergiejobs","synergiejobs.png"
297,"isic","isic.png"
298,"grantthornton","grantthornton.png"
299,"adeccojapanese","adeccojapanese.png"
300,"davesmithfordonline","davesmithfordonline.png"
301,"kuestarubber","kuestarubber.png"
302,"compassion","compassion.png"
303,"abc-autoglas","abc-autoglas.png"
304,"colorflexpackaging","colorflexpackaging.png"
305,"altriusconsulting","altriusconsulting.png"
306,"hyundaigatineau","hyundaigatineau.png"
307,"worldvisionmexico","worldvisionmexico.png"
308,"moorestoke","moorestoke.png"
309,"intersport","intersport.png"
310,"sans-sans","sans-sans.png"
311,"seqens","seqens.png"
312,"zalando","zalando.png"
313,"urmet","urmet.png"
314,"bees-sport","bees-sport.png"
315,"dmcihomes","dmcihomes.png"
316,"bimeda","bimeda.png"
317,"aliaxis","aliaxis.png"
317,"aliaxis-me","aliaxis-me.png"
318,"benu","benu.png"
319,"trulynolengoias","trulynolengoias.png"
320,"bioderma","bioderma.png"
321,"foxinaboxzutphen","foxinaboxzutphen.png"
322,"sunnybrookprintshop","sunnybrookprintshop.png"
323,"ecochillers","ecochillers.png"
324,"cvjm-muenchberg","cvjm-muenchberg.png"
325,"medef-seine-estuaire","medef-seine-estuaire.png"
325,"medef-corse","medef-corse.png"
325,"medef41","medef41.png"
325,"medefloire","medefloire.png"
325,"medef-vendee","medef-vendee.png"
325,"medef-htcis","medef-htcis.png"
325,"medef71","medef71.png"
325,"medef-dromeardeche","medef-dromeardeche.png"
325,"medef-aura","medef-aura.png"
325,"medef-alsace","medef-alsace.png"
325,"medef-ain","medef-ain.png"
325,"medef-seineetmarne","medef-seineetmarne.png"
326,"kia-crimea","kia-crimea.png"
326,"kia-autoprodix","kia-autoprodix.png"
327,"castsoftware","castsoftware.png"
328,"dulux","dulux.png"
329,"dopplerumbrellas","dopplerumbrellas.png"
330,"ccusa","ccusa.png"
331,"julis-nuernberg","julis-nuernberg.png"
331,"julis-mfr","julis-mfr.png"
332,"sprachschule-aktiv-kaiserslautern","sprachschule-aktiv-kaiserslautern.png"
333,"fft-ps","fft-ps.png"
334,"msd","msd.png"
335,"enterprise","enterprise.png"
335,"enterpriserentacar","enterpriserentacar.png"
336,"stawag-energie","stawag-energie.png"
337,"entergyarkansas","entergyarkansas.png"
338,"toyotaconstanta","toyotaconstanta.png"
338,"toyotabucurestinord","toyotabucurestinord.png"
339,"inhuntworld","inhuntworld.png"
340,"intersport-grandbornand","intersport-grandbornand.png"
340,"intersport-arc2000","intersport-arc2000.png"
340,"intersport-courchevel1850","intersport-courchevel1850.png"
340,"intersport-lesrousses","intersport-lesrousses.png"
340,"intersport-courchevel1550","intersport-courchevel1550.png"
340,"intersport-arvieux","intersport-arvieux.png"
340,"intersport-arc1950","intersport-arc1950.png"
340,"intersport-risoul","intersport-risoul.png"
341,"axa-assistance","axa-assistance.png"
342,"exertisztorm","exertisztorm.png"
343,"lamborghini-zh","lamborghini-zh.png"
344,"tbwaalif","tbwaalif.png"
345,"bauermedia","bauermedia.png"
346,"saint-gobain-glass","saint-gobain-glass.png"
347,"gjw-bb","gjw-bb.png"
348,"renault-materom","renault-materom.png"
349,"isuzuhanoi","isuzuhanoi.png"
349,"isuzu-vietnam","isuzu-vietnam.png"
350,"vendhq","vendhq.png"
351,"demeter","demeter.png"
352,"renault-argenteuil","renault-argenteuil.png"
353,"vitalsauna","vitalsauna.png"
354,"pragroup","pragroup.png"
355,"metlife","metlife.png"
356,"underwoodliquorstore","underwoodliquorstore.png"
357,"jetfrio","jetfrio.png"
358,"holidayland-durmersheim","holidayland-durmersheim.png"
359,"autosecuritas-barlin","autosecuritas-barlin.png"
359,"autosecuritas-ct-seysses","autosecuritas-ct-seysses.png"
359,"autosecuritas-ct-notre-dame-doe","autosecuritas-ct-notre-dame-doe.png"
359,"autosecuritaslemoule","autosecuritaslemoule.png"
359,"autosecuritas-tallard","autosecuritas-tallard.png"
359,"autosecuritas-ctlp","autosecuritas-ctlp.png"
359,"autosecuritas-ducos","autosecuritas-ducos.png"
359,"autosecuritas-passins","autosecuritas-passins.png"
360,"minisocr","minisocr.png"
361,"infiniti-abudhabi","infiniti-abudhabi.png"
361,"infiniti-azerbaijan","infiniti-azerbaijan.png"
361,"infiniti-bahrain","infiniti-bahrain.png"
361,"infiniti-jordan","infiniti-jordan.png"
361,"infiniti-dubai","infiniti-dubai.png"
362,"gulfoil","gulfoil.png"
363,"spitex-wasseramt","spitex-wasseramt.png"
364,"nexigroup","nexigroup.png"
365,"spitexgraenichen","spitexgraenichen.png"
366,"svnchicagopm","svnchicagopm.png"
367,"crocssa","crocssa.png"
368,"linde-gaz","linde-gaz.png"
369,"alchemia-nova","alchemia-nova.png"
370,"freeportwestselfstorage","freeportwestselfstorage.png"
371,"sprachcaffe-muenchen","sprachcaffe-muenchen.png"
372,"pearsonschoolsandfecolleges","pearsonschoolsandfecolleges.png"
373,"lidl-immobilien","lidl-immobilien.png"
374,"bauder","bauder.png"
375,"moog","moog.png"
376,"jungheinrich","jungheinrich.png"
377,"gs1sk","gs1sk.png"
378,"pkffinconta","pkffinconta.png"
379,"tokosumedang","tokosumedang.png"
380,"subway-franchise","subway-franchise.png"
381,"wordans","wordans.png"
382,"cdvielectronics","cdvielectronics.png"
382,"cdviplastics","cdviplastics.png"
383,"gjw-sachsen","gjw-sachsen.png"
384,"ibc-solar","ibc-solar.png"
385,"julis-sh","julis-sh.png"
386,"regalsprings","regalsprings.png"
387,"ginger-sofreco","ginger-sofreco.png"
388,"spie-energotest","spie-energotest.png"
389,"cvjm-pfalz","cvjm-pfalz.png"
390,"meniconamerica","meniconamerica.png"
390,"menicon","menicon.png"
391,"stanleyelectricus","stanleyelectricus.png"
392,"spitex","spitex.png"
393,"daikin-korea","daikin-korea.png"
394,"kiamotors","kiamotors.png"
395,"subaruqatar","subaruqatar.png"
396,"spitex-oberthurgau","spitex-oberthurgau.png"
397,"trulynolenparaiba","trulynolenparaiba.png"
398,"meggle-cheese","meggle-cheese.png"
399,"indiancancersocietybangalore","indiancancersocietybangalore.png"
400,"shimadzu-la","shimadzu-la.png"
400,"shimadzu","shimadzu.png"
401,"toyotacomauto","toyotacomauto.png"
402,"astreitalia","astreitalia.png"
403,"spitex-region-kreuzlingen","spitex-region-kreuzlingen.png"
404,"spitex-regionbirs","spitex-regionbirs.png"
405,"overheaddoorcompanyjackson","overheaddoorcompanyjackson.png"
405,"overheaddoorkalamazoo","overheaddoorkalamazoo.png"
405,"overheaddoorfayetteville","overheaddoorfayetteville.png"
406,"toysrus","toysrus.png"
407,"skodanews","skodanews.png"
408,"bestdrive","bestdrive.png"
409,"zhcpa","zhcpa.png"
410,"sto-sea","sto-sea.png"
410,"stosignature","stosignature.png"
411,"paybase","paybase.png"
412,"chubblifefund","chubblifefund.png"
413,"rotaryclubdelima","rotaryclubdelima.png"
414,"budgetqatar","budgetqatar.png"
414,"budgetinternational","budgetinternational.png"
414,"budgetoman","budgetoman.png"
415,"nidek","nidek.png"
416,"amtrakvacations","amtrakvacations.png"
417,"mariagefreres","mariagefreres.png"
418,"digi-intl","digi-intl.png"
419,"toofacedcosmetics","toofacedcosmetics.png"
420,"eshop","eshop.png"
421,"culliganredwing","culliganredwing.png"
422,"culligandesmoines","culligandesmoines.png"
423,"wurth-international","wurth-international.png"
423,"wurthcanarias","wurthcanarias.png"
423,"wuerth-gruppe","wuerth-gruppe.png"
424,"hyundaichullora","hyundaichullora.png"
424,"hyundaiblacktown","hyundaiblacktown.png"
425,"renaultsprings","renaultsprings.png"
426,"kern-liebers","kern-liebers.png"
427,"melgarcases","melgarcases.png"
428,"vamdodoma","vamdodoma.png"
429,"engie-ecserwis","engie-ecserwis.png"
430,"toyotabatangas","toyotabatangas.png"
431,"hsusports","hsusports.png"
432,"spitextg","spitextg.png"
433,"nikonlenswear","nikonlenswear.png"
434,"habitatvietnam","habitatvietnam.png"
435,"cinnabon-ksa","cinnabon-ksa.png"
436,"ecslupsk","ecslupsk.png"
437,"kumonshuppan","kumonshuppan.png"
438,"engie","engie.png"
439,"jdm","jdm.png"
440,"bigfootdigital","bigfootdigital.png"
441,"disneychannel","disneychannel.png"
441,"babble","babble.png"
442,"techmatrix-asia","techmatrix-asia.png"
443,"tchibo","tchibo.png"
444,"terradat","terradat.png"
445,"clarksonhyde","clarksonhyde.png"
446,"overheaddoormankato","overheaddoormankato.png"
447,"skoda-clermontferrand","skoda-clermontferrand.png"
447,"skoda-nancy","skoda-nancy.png"
447,"skoda-metz","skoda-metz.png"
448,"tapflo","tapflo.png"
449,"brother-slovakia","brother-slovakia.png"
450,"spitex-kriens","spitex-kriens.png"
451,"plastoplan","plastoplan.png"
452,"europe","europe.png"
452,"gulfoilltd","gulfoilltd.png"
453,"indianmotorcyclesturgis","indianmotorcyclesturgis.png"
454,"spitex-imboden","spitex-imboden.png"
455,"kantar","kantar.png"
456,"algordanza","algordanza.png"
457,"future-x","future-x.png"
458,"im","im.png"
458,"williamblair","williamblair.png"
459,"inductotherm","inductotherm.png"
460,"lamborghinisarasota","lamborghinisarasota.png"
461,"anotherbrokeneggfranchise","anotherbrokeneggfranchise.png"
462,"kiaonline","kiaonline.png"
463,"synergie","synergie.png"
464,"rcchurch","rcchurch.png"
465,"hyrox","hyrox.png"
466,"canon","canon.png"
467,"chip","chip.png"
468,"kiwiqa","kiwiqa.png"
469,"filterteknik","filterteknik.png"
470,"modshair-koeln-city","modshair-koeln-city.png"
470,"modshair-braunschweig","modshair-braunschweig.png"
470,"modshair-bielefeld","modshair-bielefeld.png"
470,"modshair-hannover","modshair-hannover.png"
470,"modshair-koeln-lindenthal","modshair-koeln-lindenthal.png"
471,"insize","insize.png"
472,"kokuyo-furniture","kokuyo-furniture.png"
473,"mazda-autohaus-fenzl-hauzenberg","mazda-autohaus-fenzl-hauzenberg.png"
474,"gs1hu","gs1hu.png"
475,"trikonclinicalwaste","trikonclinicalwaste.png"
476,"meggle-group","meggle-group.png"
477,"krautzberger","krautzberger.png"
478,"svnvanguardla","svnvanguardla.png"
479,"renault-tessenderlo","renault-tessenderlo.png"
479,"renaultvercammen","renaultvercammen.png"
479,"renault-fama","renault-fama.png"
480,"subjoy","subjoy.png"
481,"thebodyshop","thebodyshop.png"
482,"innolytics","innolytics.png"
483,"thegoodlobby","thegoodlobby.png"
484,"immunospot","immunospot.png"
485,"sonepar","sonepar.png"
486,"lidl","lidl.png"
487,"polarysgroup","polarysgroup.png"
488,"solatube","solatube.png"
488,"solatubescotland","solatubescotland.png"
489,"fortprousa","fortprousa.png"
490,"luxaflexproject-scandinavia","luxaflexproject-scandinavia.png"
491,"macma","macma.png"
492,"ubicast","ubicast.png"
493,"spitexampuls","spitexampuls.png"
494,"entergyneworleans","entergyneworleans.png"
495,"fmc-mexico","fmc-mexico.png"
496,"giacomini","giacomini.png"
497,"misterwhat-au","misterwhat-au.png"
498,"andre-media","andre-media.png"
499,"vbh","vbh.png"
500,"rsmuk","rsmuk.png"
501,"atalian","atalian.png"
502,"tbwazim","tbwazim.png"
502,"tbwa-entelia","tbwa-entelia.png"
503,"cdlniteroi","cdlniteroi.png"
504,"gulfsverige","gulfsverige.png"
505,"naturesrewardcoloredcauliflower","naturesrewardcoloredcauliflower.png"
506,"bestrucksofmn","bestrucksofmn.png"
507,"spitex-steinmaur-neerach","spitex-steinmaur-neerach.png"
508,"allianzpp","allianzpp.png"
508,"allianz-reiseschutz","allianz-reiseschutz.png"
508,"allianz-handwerker","allianz-handwerker.png"
508,"allianzgloballife","allianzgloballife.png"
509,"thisissowgood","thisissowgood.png"
510,"elderhouse","elderhouse.png"
511,"mazdavardi","mazdavardi.png"
512,"jysk","jysk.png"
513,"kiaspringfield","kiaspringfield.png"
514,"myfamily","myfamily.png"
515,"wuerth-ag","wuerth-ag.png"
515,"wurthindustry","wurthindustry.png"
516,"spiegse","spiegse.png"
517,"cdlcampina","cdlcampina.png"
518,"europcar","europcar.png"
519,"toyota-ulrichshofer","toyota-ulrichshofer.png"
519,"toyota-handler","toyota-handler.png"
519,"toyota-bauer","toyota-bauer.png"
520,"brother","brother.png"
521,"pigtailsandcrewcutsfranchise","pigtailsandcrewcutsfranchise.png"
522,"komoder","komoder.png"
523,"isover","isover.png"
524,"oil-testing","oil-testing.png"
525,"plameco-bonn","plameco-bonn.png"
526,"spitex-aarenord","spitex-aarenord.png"
526,"spitex-rotbachtal","spitex-rotbachtal.png"
527,"airbnb","airbnb.png"
528,"nestle-esar","nestle-esar.png"
528,"nestle","nestle.png"
528,"nestle-caribbean","nestle-caribbean.png"
529,"keyacuragainesville","keyacuragainesville.png"
530,"aamco","aamco.png"
531,"vantagepoint","vantagepoint.png"
532,"spitex-wyland","spitex-wyland.png"
533,"avonworldwide","avonworldwide.png"
534,"bakertillysek","bakertillysek.png"
535,"pkf-l","pkf-l.png"
536,"virtual-reality","virtual-reality.png"
537,"gjwnwd","gjwnwd.png"
538,"opterraenergy","opterraenergy.png"
539,"tracybookshop","tracybookshop.png"
540,"repsolsolgas","repsolsolgas.png"
541,"rubiomonocoatusa","rubiomonocoatusa.png"
542,"statkraft","statkraft.png"
542,"statkraftvarme","statkraftvarme.png"
543,"forpsi","forpsi.png"
544,"vivaconagua","vivaconagua.png"
545,"desjoyaux","desjoyaux.png"
546,"svntrinity","svntrinity.png"
547,"dfsk","dfsk.png"
548,"eurofins","eurofins.png"
549,"uxbistart","uxbistart.png"
550,"monitus","monitus.png"
551,"equansservices","equansservices.png"
551,"equans","equans.png"
552,"pamarco","pamarco.png"
553,"hawaiifamilydentalcareers","hawaiifamilydentalcareers.png"
554,"muvpropiedades","muvpropiedades.png"
555,"husse","husse.png"
556,"norauto","norauto.png"
557,"habitatstl","habitatstl.png"
558,"aiesec","aiesec.png"
559,"bcurelaser","bcurelaser.png"
560,"linak","linak.png"
560,"linak-latinamerica","linak-latinamerica.png"
561,"avisng","avisng.png"
562,"toyotadolak","toyotadolak.png"
563,"vertretung","vertretung.png"
564,"steelhousegroup","steelhousegroup.png"
565,"adra","adra.png"
566,"ercagroup","ercagroup.png"
567,"shahshalalfood","shahshalalfood.png"
568,"einhell","einhell.png"
569,"metlifetakealongdental","metlifetakealongdental.png"
570,"tesla","tesla.png"
571,"top-system","top-system.png"
572,"aeccglobal","aeccglobal.png"
573,"remax","remax.png"
574,"compo","compo.png"
574,"compo-group","compo-group.png"
574,"compo-hobby","compo-hobby.png"
575,"suttontools","suttontools.png"
576,"ardex","ardex.png"
577,"maxus-norddeutschland","maxus-norddeutschland.png"
578,"workcircle","workcircle.png"
579,"modern-heads","modern-heads.png"
580,"affinitynonprofits","affinitynonprofits.png"
581,"buffalotours","buffalotours.png"
582,"bonprix-fl","bonprix-fl.png"
583,"microsoft","microsoft.png"
583,"techcommunity","techcommunity.png"
584,"tasuki-holdings","tasuki-holdings.png"
585,"selgen","selgen.png"
586,"cbrain","cbrain.png"
587,"eresrelocation","eresrelocation.png"
588,"spitexzh","spitexzh.png"
589,"stoag","stoag.png"
590,"cuponesybeneficios","cuponesybeneficios.png"
591,"spitex-appenzellerland","spitex-appenzellerland.png"
592,"casaaurorasupermercados","casaaurorasupermercados.png"
593,"spitexsense","spitexsense.png"
594,"hondabintang","hondabintang.png"
595,"subwayfrance","subwayfrance.png"
596,"pussyspace","pussyspace.png"
597,"julis-rhein-berg","julis-rhein-berg.png"
598,"berlitzmanchester","berlitzmanchester.png"
599,"engie-africa","engie-africa.png"
600,"engenmauritius","engenmauritius.png"
601,"fattalhotelgroup","fattalhotelgroup.png"
602,"demeter-bw","demeter-bw.png"
602,"demeter-im-norden","demeter-im-norden.png"
602,"demeter-im-westen","demeter-im-westen.png"
603,"nelsonlabsbozeman","nelsonlabsbozeman.png"
604,"ikea","ikea.png"
605,"menschenfuermenschen","menschenfuermenschen.png"
606,"rotarypublicschool","rotarypublicschool.png"
607,"ymcalouisville","ymcalouisville.png"
608,"spitex-bodensee","spitex-bodensee.png"
609,"tupperware","tupperware.png"
610,"seiban","seiban.png"
611,"remax-emblema","remax-emblema.png"
612,"ecaas","ecaas.png"
613,"howdenoze","howdenoze.png"
614,"designpluz","designpluz.png"
615,"toyota","toyota.png"
616,"h2oinnovation","h2oinnovation.png"
617,"bakertillymlt","bakertillymlt.png"
618,"heydudeshoes","heydudeshoes.png"
619,"victorsport","victorsport.png"
620,"poliform-spb","poliform-spb.png"
621,"aquatherm-belux","aquatherm-belux.png"
622,"tridentseafoods","tridentseafoods.png"
623,"gs1ec","gs1ec.png"
624,"bioderma-sk","bioderma-sk.png"
625,"takab","takab.png"
626,"nestle-mena","nestle-mena.png"
627,"edf-re","edf-re.png"
628,"ajaxtocco","ajaxtocco.png"
629,"novonordisk","novonordisk.png"
630,"allbranded","allbranded.png"
631,"gs1hr","gs1hr.png"
632,"liquimix","liquimix.png"
633,"entergylouisiana","entergylouisiana.png"
634,"taylorfarmsdeli","taylorfarmsdeli.png"
635,"tbwa","tbwa.png"
636,"sompo-intl","sompo-intl.png"
637,"subaru-bd","subaru-bd.png"
638,"lamannamovingny","lamannamovingny.png"
639,"athora","athora.png"
640,"spitex-linth","spitex-linth.png"
641,"ymcaokc","ymcaokc.png"
642,"biolchim","biolchim.png"
643,"toolstationjobs","toolstationjobs.png"
644,"carter-benson","carter-benson.png"
645,"xtransfer","xtransfer.png"
646,"avia-unimot","avia-unimot.png"
647,"secom","secom.png"
648,"teknoware","teknoware.png"
649,"warmupdeutschland","warmupdeutschland.png"
650,"miniso","miniso.png"
651,"movingstarsinc","movingstarsinc.png"
652,"duracleancarpet","duracleancarpet.png"
653,"veka","veka.png"
654,"spitex-muellheim","spitex-muellheim.png"
655,"nextbikeczech","nextbikeczech.png"
656,"remax-go","remax-go.png"
657,"gulfoilchina","gulfoilchina.png"
658,"sealy","sealy.png"
659,"linde-gas","linde-gas.png"
660,"mtn","mtn.png"
661,"sto-ukraine","sto-ukraine.png"
662,"smittysmb","smittysmb.png"
663,"trulynolenalagoas","trulynolenalagoas.png"
664,"bbraun-vetcare","bbraun-vetcare.png"
664,"bbraun","bbraun.png"
665,"spitexniesen","spitexniesen.png"
666,"glamsmile","glamsmile.png"
667,"orange","orange.png"
668,"cdlvitoria","cdlvitoria.png"
669,"linexcoloradosprings","linexcoloradosprings.png"
670,"flashmed-lb","flashmed-lb.png"
671,"cardif","cardif.png"
672,"spitexaadorf","spitexaadorf.png"
673,"century21viaplus","century21viaplus.png"
674,"blackroll","blackroll.png"
675,"renaultbank","renaultbank.png"
676,"meggle-foodingredients","meggle-foodingredients.png"
676,"meggle","meggle.png"
677,"mycabin","mycabin.png"
678,"remaxcrystal","remaxcrystal.png"
679,"skolae-training","skolae-training.png"
680,"bowlero","bowlero.png"
681,"overheaddoorriverton","overheaddoorriverton.png"
682,"humanasecondhand","humanasecondhand.png"
683,"alten-consulting","alten-consulting.png"
684,"aamcoindependencemo","aamcoindependencemo.png"
685,"pmcorp","pmcorp.png"
686,"hertz-tilburg","hertz-tilburg.png"
687,"engieresources","engieresources.png"
688,"toupret","toupret.png"
689,"mazdabali","mazdabali.png"
690,"advantisengineering","advantisengineering.png"
691,"rutscherlebnis","rutscherlebnis.png"
692,"brother-industrial","brother-industrial.png"
693,"rinnai","rinnai.png"
694,"premiumproperties","premiumproperties.png"
695,"nerdsonsite","nerdsonsite.png"
696,"renaultrycauto","renaultrycauto.png"
696,"renault-tortosa","renault-tortosa.png"
696,"renaultchiva","renaultchiva.png"
697,"daikintexastechnologypark","daikintexastechnologypark.png"
698,"renoculligan","renoculligan.png"
699,"pacificinfotech","pacificinfotech.png"
700,"honda","honda.png"
701,"starkeypro","starkeypro.png"
702,"spitex-gersau","spitex-gersau.png"
703,"garminstore","garminstore.png"
704,"svnprovidence","svnprovidence.png"
705,"leroymerlin","leroymerlin.png"
706,"freseniusmedicalcare","freseniusmedicalcare.png"
707,"powerint","powerint.png"
708,"nikon","nikon.png"
708,"nikon-mea","nikon-mea.png"
709,"spitex-region-stockhorn","spitex-region-stockhorn.png"
710,"meggle-bakery","meggle-bakery.png"
711,"wolterskluwer","wolterskluwer.png"
712,"gulf-japan","gulf-japan.png"
713,"pirtek","pirtek.png"
714,"axa","axa.png"
715,"veolianorthamerica","veolianorthamerica.png"
716,"siiora","siiora.png"
717,"specialolympics","specialolympics.png"
718,"hansa-flex","hansa-flex.png"
719,"patheon","patheon.png"
720,"cdltresrios","cdltresrios.png"
721,"wurthsaudi","wurthsaudi.png"
722,"flesan","flesan.png"
723,"bellaplanta","bellaplanta.png"
724,"fimacf","fimacf.png"
725,"electrolux","electrolux.png"
726,"solutions30","solutions30.png"
727,"linexswfl","linexswfl.png"
728,"pkfcaribbean","pkfcaribbean.png"
729,"holidayland-wunstorf","holidayland-wunstorf.png"
729,"holidayland-pohlheim","holidayland-pohlheim.png"
730,"subarutijuana","subarutijuana.png"
731,"domcor","domcor.png"
732,"allianzim","allianzim.png"
733,"isuzugyor","isuzugyor.png"
733,"isuzubarcs","isuzubarcs.png"
734,"aiesecaustralia","aiesecaustralia.png"
735,"lamborghini-cannes","lamborghini-cannes.png"
735,"lamborghini-stuttgart","lamborghini-stuttgart.png"
736,"fmlogistic","fmlogistic.png"
737,"renaultselection","renaultselection.png"
738,"engiemiddleeast","engiemiddleeast.png"
739,"santanderconsumer","santanderconsumer.png"
740,"dennert","dennert.png"
741,"krofian","krofian.png"
742,"julis-stuttgart","julis-stuttgart.png"
743,"amphenolaudio","amphenolaudio.png"
744,"aonassurances","aonassurances.png"
745,"attijariwafabank","attijariwafabank.png"
746,"nordicpharma","nordicpharma.png"
747,"kamic","kamic.png"
748,"experianacademy","experianacademy.png"
748,"experian","experian.png"
749,"mazdaofmidland","mazdaofmidland.png"
750,"demetercs","demetercs.png"
751,"svnahia","svnahia.png"
752,"foxinaboxlondon","foxinaboxlondon.png"
753,"nordichealthpartner","nordichealthpartner.png"
754,"webster","webster.png"
755,"wwfcz","wwfcz.png"
756,"applebees","applebees.png"
757,"neonext","neonext.png"
758,"rsmcanada","rsmcanada.png"
759,"willhaben","willhaben.png"
760,"allianz-assistance","allianz-assistance.png"
761,"cinnabon-egypt","cinnabon-egypt.png"
762,"lamborghini-frankfurt","lamborghini-frankfurt.png"
762,"lamborghini-berlin","lamborghini-berlin.png"
763,"salvationarmy","salvationarmy.png"
764,"cubcadet","cubcadet.png"
765,"advocaremorristownpediatrics","advocaremorristownpediatrics.png"
765,"advocarewdp","advocarewdp.png"
765,"advocarenewbornnetwork","advocarenewbornnetwork.png"
766,"habitatcoosavalley","habitatcoosavalley.png"
767,"oilfieldequipments","oilfieldequipments.png"
768,"tectake","tectake.png"
769,"ebay","ebay.png"
770,"demeterschmid","demeterschmid.png"
771,"linde-amt","linde-amt.png"
772,"mazda-angola-autozuid","mazda-angola-autozuid.png"
773,"lidl-giftcard","lidl-giftcard.png"
774,"avon","avon.png"
775,"wwfchina","wwfchina.png"
776,"ampersand-world","ampersand-world.png"
777,"jollibee","jollibee.png"
778,"trakm8","trakm8.png"
779,"shelterstation","shelterstation.png"
780,"misterwhat","misterwhat.png"
781,"dysartsservicecenter","dysartsservicecenter.png"
782,"tgmresearch","tgmresearch.png"
783,"moore-czech","moore-czech.png"
784,"laborelec","laborelec.png"
785,"topdoctors","topdoctors.png"
786,"duracleanmaine","duracleanmaine.png"
787,"budget-ireland","budget-ireland.png"
788,"reedglobal","reedglobal.png"
789,"harigmfg","harigmfg.png"
790,"tupperwarefiesta","tupperwarefiesta.png"
791,"analytik-jena","analytik-jena.png"
792,"foxinaboxgoldcoast","foxinaboxgoldcoast.png"
793,"ovb","ovb.png"
794,"msdinsight","msdinsight.png"
795,"aviapolska","aviapolska.png"
796,"albatroslogistic","albatroslogistic.png"
797,"mazdademagog","mazdademagog.png"
798,"myron","myron.png"
799,"santander","santander.png"
800,"piccinifuels","piccinifuels.png"
801,"sprachschule-aktiv-basel","sprachschule-aktiv-basel.png"
802,"hyundaitgv","hyundaitgv.png"
803,"spitex-oberfreiamt","spitex-oberfreiamt.png"
804,"eu","eu.png"
805,"ardex-france","ardex-france.png"
806,"toshiba-water","toshiba-water.png"
807,"mcdonalds-hh","mcdonalds-hh.png"
808,"cimbbank","cimbbank.png"
809,"fluidmasteruk","fluidmasteruk.png"
810,"cdu-aldenhoven","cdu-aldenhoven.png"
811,"carlsjr","carlsjr.png"
812,"ebayglobalshipping","ebayglobalshipping.png"
813,"toyotaalbania","toyotaalbania.png"
814,"spitex-gaeu","spitex-gaeu.png"
815,"miniso-au","miniso-au.png"
816,"spitexrontalplus","spitexrontalplus.png"
817,"inbeat","inbeat.png"
818,"msmode","msmode.png"
819,"dahmira","dahmira.png"
820,"cyrillus","cyrillus.png"
821,"mapfre","mapfre.png"
822,"subarusouthpoint","subarusouthpoint.png"
823,"daikinmalaysia","daikinmalaysia.png"
824,"intersport-martinique-guadeloupe","intersport-martinique-guadeloupe.png"
825,"kesz","kesz.png"
826,"benefitsystems","benefitsystems.png"
827,"viacon","viacon.png"
828,"rotaryclubmedellin","rotaryclubmedellin.png"
829,"subaru","subaru.png"
830,"decathlon","decathlon.png"
831,"habitatns","habitatns.png"
832,"johcm-ukconference","johcm-ukconference.png"
833,"toyotahonduras","toyotahonduras.png"
834,"citychain","citychain.png"
835,"islprgac","islprgac.png"
836,"cedstone","cedstone.png"
837,"euromaster","euromaster.png"
838,"cvjm-augsburg","cvjm-augsburg.png"
839,"algeco","algeco.png"
840,"elizabetharden","elizabetharden.png"
841,"subway","subway.png"
842,"lamborghini-rotterdam","lamborghini-rotterdam.png"
843,"vitabuchs","vitabuchs.png"
844,"renaultsanzhispano","renaultsanzhispano.png"
845,"spitexbuchs","spitexbuchs.png"
846,"aon","aon.png"
847,"affresco-decor","affresco-decor.png"
848,"aamcogreensburgpa","aamcogreensburgpa.png"
849,"cdljovem","cdljovem.png"
850,"affidea","affidea.png"
851,"kawasaki-magdeburg","kawasaki-magdeburg.png"
851,"kawasaki-seufert","kawasaki-seufert.png"
851,"kawasaki-herzog","kawasaki-herzog.png"
851,"kawasaki-center-koeln","kawasaki-center-koeln.png"
852,"toyotaploiesti","toyotaploiesti.png"
853,"spitexmuri","spitexmuri.png"
854,"eurofinsfoodtesting","eurofinsfoodtesting.png"
855,"secureparkinghi","secureparkinghi.png"
856,"julis-sachsenanhalt","julis-sachsenanhalt.png"
857,"modshair-nuernberg","modshair-nuernberg.png"
858,"sourceadvisors","sourceadvisors.png"
859,"le-tech","le-tech.png"
860,"cdlbarreiras","cdlbarreiras.png"
861,"budatec","budatec.png"
862,"cvjm-nuembrecht","cvjm-nuembrecht.png"
863,"steinbacher","steinbacher.png"
864,"toyotanorthedsa","toyotanorthedsa.png"
865,"cvjm-hemer","cvjm-hemer.png"
866,"spp","spp.png"
867,"edenred","edenred.png"
868,"entergy","entergy.png"
869,"propertyfinder","propertyfinder.png"
870,"funiber","funiber.png"
871,"spitexow","spitexow.png"
872,"faesfarma","faesfarma.png"
873,"pkfkerikeri","pkfkerikeri.png"
874,"gulf","gulf.png"
874,"gulfcombustibles","gulfcombustibles.png"
875,"asieris","asieris.png"
876,"cargoriga","cargoriga.png"
877,"synlab","synlab.png"
877,"synlab-notes","synlab-notes.png"
878,"clearblueionizer","clearblueionizer.png"
879,"strabag-pfs","strabag-pfs.png"
880,"spitexzug","spitexzug.png"
881,"shercomotorcycles","shercomotorcycles.png"
882,"hometowninsurance","hometowninsurance.png"
883,"pcllawyersfrankston","pcllawyersfrankston.png"
884,"promat","promat.png"
885,"toyota-bornholm","toyota-bornholm.png"
886,"pixibeauty","pixibeauty.png"
887,"bakertilly-ca","bakertilly-ca.png"
888,"solatubegalicia","solatubegalicia.png"
889,"fordmediacenter","fordmediacenter.png"
890,"trinkgutlippstadt","trinkgutlippstadt.png"
891,"miniso-home","miniso-home.png"
892,"gloriasportsarena","gloriasportsarena.png"
893,"isuzu","isuzu.png"
894,"schaumann","schaumann.png"
895,"roca","roca.png"
896,"alten","alten.png"
897,"berlitznouvelleaquitaine","berlitznouvelleaquitaine.png"
898,"trulynolenbarueri","trulynolenbarueri.png"
899,"alosindustrials","alosindustrials.png"
900,"planncosteels","planncosteels.png"
901,"allianz-peev","allianz-peev.png"
902,"kewpie","kewpie.png"
903,"habitat","habitat.png"
904,"berlitzph","berlitzph.png"
905,"foxinaboxmiami","foxinaboxmiami.png"
906,"lamborghinimontreal","lamborghinimontreal.png"
907,"ealang","ealang.png"
908,"nutrienagsolutions","nutrienagsolutions.png"
909,"louisdepoorterestore","louisdepoorterestore.png"
910,"storisell","storisell.png"
911,"mediqdirekt","mediqdirekt.png"
912,"berlitz-bahrain","berlitz-bahrain.png"
913,"mazdalanka","mazdalanka.png"
914,"tevamexico","tevamexico.png"
915,"despat","despat.png"
916,"edenredrewards","edenredrewards.png"
917,"daikinchemicals","daikinchemicals.png"
918,"sherwin-williams","sherwin-williams.png"
919,"hennessyfunds","hennessyfunds.png"
920,"diamond","diamond.png"
921,"immanuelalbertinen","immanuelalbertinen.png"
922,"hondatygerberg","hondatygerberg.png"
923,"landi","landi.png"
924,"batistareisfloresonline","batistareisfloresonline.png"
925,"subarusouthcharlotte","subarusouthcharlotte.png"
925,"cavendersubarumidlandodessa","cavendersubarumidlandodessa.png"
926,"yves-rocher","yves-rocher.png"
927,"lunarclient","lunarclient.png"
928,"chicco","chicco.png"
929,"modshair","modshair.png"
930,"kia-ci","kia-ci.png"
931,"nissanmanufacturing","nissanmanufacturing.png"
932,"zktecoma","zktecoma.png"
933,"toyota-evreux","toyota-evreux.png"
933,"toyota-rambouillet","toyota-rambouillet.png"
934,"katyawilliamsbridal","katyawilliamsbridal.png"
935,"hollandandbarrett","hollandandbarrett.png"
936,"spitexrl","spitexrl.png"
937,"carglass","carglass.png"
938,"linexofmacon","linexofmacon.png"
939,"jscosccha","jscosccha.png"
940,"hertzhn","hertzhn.png"
941,"dfcapital-investors","dfcapital-investors.png"
942,"berlitz-augsburg","berlitz-augsburg.png"
943,"keika-c","keika-c.png"
944,"mondialparebrise","mondialparebrise.png"
945,"intertongn","intertongn.png"
946,"spitex-grauholz","spitex-grauholz.png"
947,"acurasouthpoint","acurasouthpoint.png"
947,"acurahonolulu","acurahonolulu.png"
948,"starkeyjp","starkeyjp.png"
949,"newson-gale","newson-gale.png"
950,"unicharm","unicharm.png"
951,"rsmrecruitment","rsmrecruitment.png"
952,"toyotapasongtamo","toyotapasongtamo.png"
953,"stampinup","stampinup.png"
954,"avispl","avispl.png"
955,"linde-healthcare","linde-healthcare.png"
956,"pkfuae","pkfuae.png"
957,"shimadzumea","shimadzumea.png"
958,"hyundaicentralsales","hyundaicentralsales.png"
959,"gs1lt","gs1lt.png"
960,"stora-drain","stora-drain.png"
961,"goliathgames","goliathgames.png"
962,"stockco","stockco.png"
963,"mazdadesherbrooke","mazdadesherbrooke.png"
964,"kia","kia.png"
965,"spitex-wuerenlos","spitex-wuerenlos.png"
966,"rotary-bulgaria","rotary-bulgaria.png"
967,"middletemplevenue","middletemplevenue.png"
968,"iba-protontherapy","iba-protontherapy.png"
969,"desjoyauxcreuse","desjoyauxcreuse.png"
970,"pepsico","pepsico.png"
971,"spitex-flawil-degersheim","spitex-flawil-degersheim.png"
972,"hondasevilla","hondasevilla.png"
972,"hondamurcia","hondamurcia.png"
973,"pilotpen","pilotpen.png"
974,"evolk","evolk.png"
975,"lww","lww.png"
976,"bauwerk-group","bauwerk-group.png"
977,"xwiftracingevents","xwiftracingevents.png"
978,"spitex-regiokirchspiel","spitex-regiokirchspiel.png"
979,"berlitzhautsdefrance","berlitzhautsdefrance.png"
980,"actemium","actemium.png"
981,"linex","linex.png"
982,"cfmotoitaly","cfmotoitaly.png"
983,"vispiron","vispiron.png"
984,"ecotec-usa","ecotec-usa.png"
985,"malerasstockholm","malerasstockholm.png"
986,"mateco","mateco.png"
987,"starbucks","starbucks.png"
988,"budgetglacier","budgetglacier.png"
989,"aspenpharma","aspenpharma.png"
990,"trulynolenrecife","trulynolenrecife.png"
991,"yonyou","yonyou.png"
992,"allianzdarta","allianzdarta.png"
993,"matutis","matutis.png"
994,"svnnc","svnnc.png"
995,"jll","jll.png"
996,"gjw-mv","gjw-mv.png"
997,"stadtwerke-heidenheim-regio","stadtwerke-heidenheim-regio.png"
998,"neposystem","neposystem.png"
999,"nikonmetro1stg","nikonmetro1stg.png"
1000,"savethechildren","savethechildren.png"
1001,"rotarycoimbatoredowntown","rotarycoimbatoredowntown.png"
1002,"spitex-zimmerberg","spitex-zimmerberg.png"
1003,"tensar","tensar.png"
1004,"hsbc","hsbc.png"
1005,"trulynolencampogrande","trulynolencampogrande.png"
1006,"spitex-meggen","spitex-meggen.png"
1007,"etxt","etxt.png"
1008,"rocatiles","rocatiles.png"
1009,"kiacowansville","kiacowansville.png"
1010,"trisa","trisa.png"
1011,"seats2meetstationdenbosch","seats2meetstationdenbosch.png"
1012,"eccreditcontrol","eccreditcontrol.png"
1013,"mantruckmerchandise","mantruckmerchandise.png"
1014,"julis-bremen","julis-bremen.png"
1015,"altenromania","altenromania.png"
1016,"leekeswindows","leekeswindows.png"
1017,"overheaddoorsrichmond","overheaddoorsrichmond.png"
1018,"pearson","pearson.png"
1019,"decathlonkz","decathlonkz.png"
1020,"gwaliasweets","gwaliasweets.png"
1021,"kia-bandung","kia-bandung.png"
1022,"skybusiness","skybusiness.png"
1023,"keytitleoftexas","keytitleoftexas.png"
1024,"kierpensions","kierpensions.png"
1025,"enefit","enefit.png"
1026,"landermitsubishi","landermitsubishi.png"
1027,"foxinabox","foxinabox.png"
1028,"hendersonkyedc","hendersonkyedc.png"
1029,"stocanada","stocanada.png"
1030,"avis-tahiti","avis-tahiti.png"
1031,"bosch-industry-consulting","bosch-industry-consulting.png"
1032,"spitexgossau","spitexgossau.png"
1033,"processcommunicationmodel","processcommunicationmodel.png"
1034,"daikincareers","daikincareers.png"
1035,"berlitz","berlitz.png"
1036,"engie-refrigeration","engie-refrigeration.png"
1037,"pkfcabrera","pkfcabrera.png"
1038,"avia-belgomine","avia-belgomine.png"
1039,"adfc-radtourismus","adfc-radtourismus.png"
1040,"caspak","caspak.png"
1041,"rotary","rotary.png"
1042,"takeda","takeda.png"
1042,"takedaoncology","takedaoncology.png"
1043,"kentmaster","kentmaster.png"
1044,"kumonla","kumonla.png"
1045,"daikinitalyshop","daikinitalyshop.png"
1045,"buydaikin","buydaikin.png"
1046,"yord","yord.png"
1047,"subwaypacific","subwaypacific.png"
1048,"fleishmanhillard","fleishmanhillard.png"
1049,"pakuacanada","pakuacanada.png"
1050,"my","my.png"
1050,"vectorinfotech","vectorinfotech.png"
1051,"cfmotoindia","cfmotoindia.png"
1052,"spitex-trevalli","spitex-trevalli.png"
1053,"kiairaqnim","kiairaqnim.png"
1054,"aiesecargentina","aiesecargentina.png"
1055,"thelab","thelab.png"
1056,"orbico-kenoanyagok","orbico-kenoanyagok.png"
1057,"whisky","whisky.png"
1058,"tts-group","tts-group.png"
1059,"sitechdo","sitechdo.png"
1060,"teztour","teztour.png"
1061,"eftech-international","eftech-international.png"
1062,"baywa-re","baywa-re.png"
1063,"ajas","ajas.png"
1064,"sto","sto.png"
1065,"murrelektronik","murrelektronik.png"
1066,"rotary5960","rotary5960.png"
1067,"rotarygranada","rotarygranada.png"
1068,"bioderma-india","bioderma-india.png"
1069,"aireserv","aireserv.png"
1070,"acetool","acetool.png"
1071,"deheus","deheus.png"
1072,"spitex-waedenswil","spitex-waedenswil.png"
1073,"richs","richs.png"
1074,"adlatus-nordwestschweiz","adlatus-nordwestschweiz.png"
1075,"eru","eru.png"
1076,"budget","budget.png"
1077,"spitex-regiowittenbach","spitex-regiowittenbach.png"
1078,"new-beauty","new-beauty.png"
1079,"faacentrancesolutions","faacentrancesolutions.png"
1080,"ctdi","ctdi.png"
1081,"durableonline","durableonline.png"
1082,"hps-guns","hps-guns.png"
1083,"lightspeedhq","lightspeedhq.png"
1084,"moore","moore.png"
1085,"runningadventureoutdoor","runningadventureoutdoor.png"
1086,"howdensafetysolutions","howdensafetysolutions.png"
1087,"johnsmedley","johnsmedley.png"
1088,"experianidworks","experianidworks.png"
1089,"heliosstrategia","heliosstrategia.png"
1090,"msig-asia","msig-asia.png"
1091,"wwf","wwf.png"
1092,"narscosmetics","narscosmetics.png"
1093,"decathlon-karriere","decathlon-karriere.png"
1094,"cpi-print","cpi-print.png"
1095,"pauldaviswi","pauldaviswi.png"
1096,"wurth","wurth.png"
1097,"ilmercatoambacht","ilmercatoambacht.png"
1098,"stoitalia","stoitalia.png"
1099,"spitexgaiserwald","spitexgaiserwald.png"
1100,"spitexkaiseraugst","spitexkaiseraugst.png"
1101,"hofmann-personal","hofmann-personal.png"
1102,"notaris","notaris.png"
1103,"svncredit","svncredit.png"
1104,"entergymississippi","entergymississippi.png"
1105,"pefc","pefc.png"
1106,"gmscenter","gmscenter.png"
1107,"cvjm-muensingen","cvjm-muensingen.png"
1108,"kalyanmachines","kalyanmachines.png"
1109,"softland","softland.png"
1110,"martinavenueshops","martinavenueshops.png"
1111,"internationalsos","internationalsos.png"
1112,"starkey","starkey.png"
1113,"toyotaalbay","toyotaalbay.png"
1114,"apexdynamicsgermany","apexdynamicsgermany.png"
1115,"vbhtrgovina","vbhtrgovina.png"
1116,"inductotherm-group-france","inductotherm-group-france.png"
1117,"snapologyfranchising","snapologyfranchising.png"
1118,"fitness4home","fitness4home.png"
1119,"daikineastafrica","daikineastafrica.png"
1120,"w3","w3.png"
1121,"toyota-saint-victoret","toyota-saint-victoret.png"
1121,"toyota-marseille","toyota-marseille.png"
1122,"landish","landish.png"
1123,"monster","monster.png"
1124,"amnestyghana","amnestyghana.png"
1125,"unglobalcompact","unglobalcompact.png"
1126,"rotaryclubofessex","rotaryclubofessex.png"
1127,"minisouruguay","minisouruguay.png"
1128,"nissantireadvantage","nissantireadvantage.png"
1129,"mi","mi.png"
1130,"chauffeurstelefoon","chauffeurstelefoon.png"
1131,"rationalstock","rationalstock.png"
1132,"prioritymanagementscotland","prioritymanagementscotland.png"
1133,"lyspoland","lyspoland.png"
1134,"hamburg","hamburg.png"
1135,"nobleprog","nobleprog.png"
1136,"carlsjr-russia","carlsjr-russia.png"
1137,"entergy-nuclear","entergy-nuclear.png"
1138,"trulynolennatal","trulynolennatal.png"
1139,"bimedaus","bimedaus.png"
1140,"infiniti","infiniti.png"
1141,"icafalinmobiliaria","icafalinmobiliaria.png"
1142,"habitativ","habitativ.png"
1143,"apolloclinicguwahati","apolloclinicguwahati.png"
1144,"mazda","mazda.png"
1145,"gs1","gs1.png"
1146,"alcirclebiz","alcirclebiz.png"
1147,"lidl-ni","lidl-ni.png"
1148,"vetpartners","vetpartners.png"
1149,"meritfinancialadvisors","meritfinancialadvisors.png"
1150,"berlitz-dublin","berlitz-dublin.png"
1151,"amway","amway.png"
1152,"mazda-bcrmotors","mazda-bcrmotors.png"
1153,"cyclecarriage","cyclecarriage.png"
1154,"spitex-region-zofingen","spitex-region-zofingen.png"
1155,"hydroscand","hydroscand.png"
1156,"hertz","hertz.png"
1157,"cvjm-dettingen","cvjm-dettingen.png"
1158,"mateco-hungary","mateco-hungary.png"
1159,"gjw-hessen","gjw-hessen.png"
1160,"gs1mt","gs1mt.png"
1161,"minisoindia","minisoindia.png"
1162,"lcvesta","lcvesta.png"
1163,"repsol","repsol.png"
1164,"ohb-system","ohb-system.png"
1165,"promstahl","promstahl.png"
1166,"toyotacommonwealth","toyotacommonwealth.png"
1167,"foxinaboxgraz","foxinaboxgraz.png"
1168,"niproaustralia","niproaustralia.png"
1169,"spitex-emmen","spitex-emmen.png"
1170,"janegal","janegal.png"
1171,"rotary7620","rotary7620.png"
1172,"spitexstaefa","spitexstaefa.png"
1173,"stanbicbank","stanbicbank.png"
1174,"cfmotobenelux","cfmotobenelux.png"
1175,"svnefird","svnefird.png"
1176,"spitex-hoefe","spitex-hoefe.png"
1177,"ardexamericas","ardexamericas.png"
1178,"implantcenter-dentistry","implantcenter-dentistry.png"
1179,"srpb2b","srpb2b.png"
1180,"sephora","sephora.png"
1181,"sitech","sitech.png"
1182,"lvs-oxford","lvs-oxford.png"
1183,"nikonimgsupport","nikonimgsupport.png"
1184,"wuerth","wuerth.png"
1185,"freseniuskidneycare","freseniuskidneycare.png"
1186,"salvationarmyconcordca","salvationarmyconcordca.png"
1187,"kiacadca","kiacadca.png"
1188,"pkfthailand","pkfthailand.png"
1189,"kind-der-stadt","kind-der-stadt.png"
1190,"julis-muenchen","julis-muenchen.png"
1191,"ymcasf","ymcasf.png"
1192,"unitecnica-us","unitecnica-us.png"
1193,"renaulttersa","renaulttersa.png"
